Model,Brand,Price,ImageURL,ProcessorBrand,ProcessorModel,ProcessorSpeedGHz,ProcessorCores,MemorySizeGB,MemoryType,StorageType,StorageCapacityGB,DisplaySizeInches,DisplayResolution,DisplayRefreshRateHz,DisplayIsTouchscreen,BatteryCapacityWh,BatteryEstimatedUsageTime,GraphicsType,GraphicsBrand,GraphicsModel,AudioSpeakerDescription,AudioHasHeadphoneJack,AudioMicrophoneQuality,ConnectivityPorts,ConnectivityWifiStandard,ConnectivityBluetoothVersion,BuildQualityWeightKg,BuildQualityMaterial,BuildQualityDurabilityRating,OperatingSystem,SpecialFeaturesBacklitKeyboard,SpecialFeaturesFingerprintReader,SpecialFeaturesFacialRecognition,SpecialFeaturesIsConvertible
Razer 4614,Razer,$734,"https://i.dell.com/is/image/DellContent/content/dam/ss2/product-images/dell-client-products/notebooks/latitude-notebooks/latitude-15-5550-laptop/mg/notebook-latitude-15-5550-rgb-silver-gallery-20.psd?fmt=png-alpha&pscan=auto&scl=1&hei=402&wid=571&qlt=100,1&resMode=sharp2&size=571,402&chrss=full",Apple,M1,3.4,6,64,DDR5,HDD,512,16.0,2560 x 1440,240,True,54,Up to 10 hours,Dedicated,AMD,RX 6800M,Waves MaxxAudio Pro,True,Dual-array microphones,"USB 3.2 Type-C, HDMI, RJ-45",Wi-Fi 6E,5.3,2.01,Aluminum,Shockproof Design,Windows 11 Home,True,False,True,False
Lenovo 3270,Lenovo,$1941,"https://i.dell.com/is/image/DellContent/content/dam/ss2/product-images/dell-client-products/notebooks/latitude-notebooks/latitude-15-5550-laptop/mg/notebook-latitude-15-5550-rgb-silver-gallery-20.psd?fmt=png-alpha&pscan=auto&scl=1&hei=402&wid=571&qlt=100,1&resMode=sharp2&size=571,402&chrss=full",Intel,Core Ultra 5 135U,3.5,4,32,DDR5,NVMe SSD,1024,13.3,2560 x 1440,144,True,70,Up to 15 hours,Integrated,NVIDIA,Intel Graphics,Waves MaxxAudio Pro,True,Dual-array microphones,"USB 3.2 Type-A, USB 4.0, Thunderbolt 4",Wi-Fi 7,5.0,2.11,Magnesium Alloy,IP5X Dust Resistant,Ubuntu Linux,True,False,True,False
Microsoft 6361,Microsoft,$1414,"https://i.dell.com/is/image/DellContent/content/dam/ss2/product-images/dell-client-products/notebooks/latitude-notebooks/latitude-15-5550-laptop/mg/notebook-latitude-15-5550-rgb-silver-gallery-20.psd?fmt=png-alpha&pscan=auto&scl=1&hei=402&wid=571&qlt=100,1&resMode=sharp2&size=571,402&chrss=full",Apple,M1,2.4,16,8,LPDDR5,HDD,512,15.6,3840 x 2160,144,False,54,Up to 15 hours,Integrated,Intel,RTX 3060,B&O Tuned Speakers,True,Dual-array microphones,"USB-C, HDMI, SD Card Reader",Wi-Fi 7,5.1,2.91,Aluminum,Shockproof Design,macOS Ventura,True,True,False,True
HP 5745,HP,$2924,"https://i.dell.com/is/image/DellContent/content/dam/ss2/product-images/dell-client-products/notebooks/latitude-notebooks/latitude-15-5550-laptop/mg/notebook-latitude-15-5550-rgb-silver-gallery-20.psd?fmt=png-alpha&pscan=auto&scl=1&hei=402&wid=571&qlt=100,1&resMode=sharp2&size=571,402&chrss=full",Intel,Core i9-13980HX,3.0,8,32,LPDDR5,HDD,2048,17.3,3840 x 2160,165,True,70,Up to 10 hours,Integrated,Intel,RTX 3060,Stereo speakers with Dolby Audio,True,Dual-array microphones,"USB 3.2 Type-C, HDMI, RJ-45",Wi-Fi 6,5.0,1.43,Aluminum,IP5X Dust Resistant,Windows 11 Pro,False,True,False,True
Microsoft 7131,Microsoft,$2531,"https://i.dell.com/is/image/DellContent/content/dam/ss2/product-images/dell-client-products/notebooks/latitude-notebooks/latitude-15-5550-laptop/mg/notebook-latitude-15-5550-rgb-silver-gallery-20.psd?fmt=png-alpha&pscan=auto&scl=1&hei=402&wid=571&qlt=100,1&resMode=sharp2&size=571,402&chrss=full",Intel,Core i9-13980HX,2.9,8,16,LPDDR5,NVMe SSD,1024,14.0,1920 x 1080,240,False,50,Up to 15 hours,Integrated,Intel,RTX 3060,B&O Tuned Speakers,True,Dual-array microphones,"USB 3.2 Type-C, HDMI, RJ-45",Wi-Fi 6E,5.3,2.69,Plastic,MIL-STD-810H certified,Ubuntu Linux,False,True,True,False
Apple 6942,Apple,$2998,"https://i.dell.com/is/image/DellContent/content/dam/ss2/product-images/dell-client-products/notebooks/latitude-notebooks/latitude-15-5550-laptop/mg/notebook-latitude-15-5550-rgb-silver-gallery-20.psd?fmt=png-alpha&pscan=auto&scl=1&hei=402&wid=571&qlt=100,1&resMode=sharp2&size=571,402&chrss=full",Apple,M3,2.5,12,64,DDR5,SSD,512,15.6,2560 x 1440,165,True,99,Up to 15 hours,Dedicated,Intel,RX 6800M,Stereo speakers with Dolby Audio,True,Dual-array microphones,"USB 3.2 Type-C, HDMI, RJ-45",Wi-Fi 7,5.0,1.81,Plastic,IP5X Dust Resistant,macOS Ventura,True,True,False,False
Lenovo 5230,Lenovo,$569,"https://i.dell.com/is/image/DellContent/content/dam/ss2/product-images/dell-client-products/notebooks/latitude-notebooks/latitude-15-5550-laptop/mg/notebook-latitude-15-5550-rgb-silver-gallery-20.psd?fmt=png-alpha&pscan=auto&scl=1&hei=402&wid=571&qlt=100,1&resMode=sharp2&size=571,402&chrss=full",Intel,Core i7-12700H,1.7,12,8,DDR4,NVMe SSD,512,16.0,3840 x 2160,60,False,99,Up to 15 hours,Dedicated,AMD,RTX 3050,B&O Tuned Speakers,False,Dual-array microphones,"USB 3.2 Type-C, HDMI, RJ-45",Wi-Fi 6,5.0,1.49,Magnesium Alloy,MIL-STD-810H certified,Windows 11 Home,False,True,False,True
Apple 4054,Apple,$525,"https://i.dell.com/is/image/DellContent/content/dam/ss2/product-images/dell-client-products/notebooks/latitude-notebooks/latitude-15-5550-laptop/mg/notebook-latitude-15-5550-rgb-silver-gallery-20.psd?fmt=png-alpha&pscan=auto&scl=1&hei=402&wid=571&qlt=100,1&resMode=sharp2&size=571,402&chrss=full",Intel,Core Ultra 5 135U,1.5,10,64,DDR5,HDD,2048,14.0,2560 x 1440,240,False,54,Up to 8 hours,Integrated,Intel,RX 6800M,Waves MaxxAudio Pro,False,Dual-array microphones,"USB 3.2 Type-C, HDMI, RJ-45",Wi-Fi 6,5.0,1.9,Aluminum,Shockproof Design,Windows 11 Pro,False,True,False,True
HP 9775,HP,$2372,"https://i.dell.com/is/image/DellContent/content/dam/ss2/product-images/dell-client-products/notebooks/latitude-notebooks/latitude-15-5550-laptop/mg/notebook-latitude-15-5550-rgb-silver-gallery-20.psd?fmt=png-alpha&pscan=auto&scl=1&hei=402&wid=571&qlt=100,1&resMode=sharp2&size=571,402&chrss=full",AMD,Ryzen 5 5600H,3.1,8,8,LPDDR5,HDD,1024,16.0,1920 x 1080,240,True,50,Up to 12 hours,Integrated,AMD,RTX 4070,B&O Tuned Speakers,True,Dual-array microphones,"USB 3.2 Type-C, HDMI, RJ-45",Wi-Fi 7,5.3,2.47,Magnesium Alloy,MIL-STD-810H certified,macOS Ventura,False,True,True,False
Acer 5224,Acer,$2653,"https://i.dell.com/is/image/DellContent/content/dam/ss2/product-images/dell-client-products/notebooks/latitude-notebooks/latitude-15-5550-laptop/mg/notebook-latitude-15-5550-rgb-silver-gallery-20.psd?fmt=png-alpha&pscan=auto&scl=1&hei=402&wid=571&qlt=100,1&resMode=sharp2&size=571,402&chrss=full",Intel,Core i9-13980HX,2.4,12,8,DDR5,HDD,1024,17.3,1920 x 1080,240,True,70,Up to 15 hours,Integrated,Intel,RTX 4070,Stereo speakers with Dolby Audio,True,Dual-array microphones,"USB 3.2 Type-C, HDMI, RJ-45",Wi-Fi 7,5.2,2.02,Plastic,Shockproof Design,Windows 11 Pro,False,True,True,True
MSI 2887,MSI,$741,"https://i.dell.com/is/image/DellContent/content/dam/ss2/product-images/dell-client-products/notebooks/latitude-notebooks/latitude-15-5550-laptop/mg/notebook-latitude-15-5550-rgb-silver-gallery-20.psd?fmt=png-alpha&pscan=auto&scl=1&hei=402&wid=571&qlt=100,1&resMode=sharp2&size=571,402&chrss=full",Apple,M1,4.8,16,16,LPDDR5,HDD,512,15.6,2560 x 1440,240,True,54,Up to 10 hours,Integrated,AMD,RTX 4070,Waves MaxxAudio Pro,False,Dual-array microphones,"USB 3.2 Type-C, HDMI, RJ-45",Wi-Fi 6E,5.0,1.77,Plastic,IP5X Dust Resistant,Windows 11 Home,False,False,True,False
Apple 7042,Apple,$1418,"https://i.dell.com/is/image/DellContent/content/dam/ss2/product-images/dell-client-products/notebooks/latitude-notebooks/latitude-15-5550-laptop/mg/notebook-latitude-15-5550-rgb-silver-gallery-20.psd?fmt=png-alpha&pscan=auto&scl=1&hei=402&wid=571&qlt=100,1&resMode=sharp2&size=571,402&chrss=full",Apple,M3,5.0,8,32,DDR4,HDD,256,17.3,1920 x 1080,144,False,99,Up to 10 hours,Dedicated,Intel,RTX 3060,B&O Tuned Speakers,True,Dual-array microphones,"USB-C, HDMI, SD Card Reader",Wi-Fi 7,5.3,1.74,Plastic,MIL-STD-810H certified,macOS Ventura,True,False,False,True
Samsung 5686,Samsung,$2631,"https://i.dell.com/is/image/DellContent/content/dam/ss2/product-images/dell-client-products/notebooks/latitude-notebooks/latitude-15-5550-laptop/mg/notebook-latitude-15-5550-rgb-silver-gallery-20.psd?fmt=png-alpha&pscan=auto&scl=1&hei=402&wid=571&qlt=100,1&resMode=sharp2&size=571,402&chrss=full",AMD,Ryzen 7 6800U,2.5,12,16,DDR5,HDD,2048,17.3,3840 x 2160,120,False,54,Up to 15 hours,Integrated,AMD,RTX 3050,B&O Tuned Speakers,False,Dual-array microphones,"USB 3.2 Type-A, USB 4.0, Thunderbolt 4",Wi-Fi 7,5.1,2.82,Magnesium Alloy,Shockproof Design,Windows 11 Pro,False,False,True,True
Lenovo 6131,Lenovo,$874,"https://i.dell.com/is/image/DellContent/content/dam/ss2/product-images/dell-client-products/notebooks/latitude-notebooks/latitude-15-5550-laptop/mg/notebook-latitude-15-5550-rgb-silver-gallery-20.psd?fmt=png-alpha&pscan=auto&scl=1&hei=402&wid=571&qlt=100,1&resMode=sharp2&size=571,402&chrss=full",Intel,Core i7-12700H,3.0,12,32,LPDDR5,HDD,256,13.3,3840 x 2160,240,False,54,Up to 12 hours,Dedicated,AMD,RTX 3050,Waves MaxxAudio Pro,True,Dual-array microphones,"USB-C, HDMI, SD Card Reader",Wi-Fi 6E,5.0,1.54,Magnesium Alloy,IP5X Dust Resistant,Ubuntu Linux,True,False,False,True
Microsoft 4857,Microsoft,$1108,"https://i.dell.com/is/image/DellContent/content/dam/ss2/product-images/dell-client-products/notebooks/latitude-notebooks/latitude-15-5550-laptop/mg/notebook-latitude-15-5550-rgb-silver-gallery-20.psd?fmt=png-alpha&pscan=auto&scl=1&hei=402&wid=571&qlt=100,1&resMode=sharp2&size=571,402&chrss=full",AMD,Ryzen 9 7940HS,3.0,10,64,DDR5,NVMe SSD,1024,15.6,1920 x 1080,240,True,99,Up to 8 hours,Integrated,NVIDIA,Intel Graphics,Stereo speakers with Dolby Audio,True,Dual-array microphones,"USB 3.2 Type-C, HDMI, RJ-45",Wi-Fi 6,5.1,1.25,Aluminum,IP5X Dust Resistant,Windows 11 Pro,True,True,True,True
Microsoft 4595,Microsoft,$1832,"https://i.dell.com/is/image/DellContent/content/dam/ss2/product-images/dell-client-products/notebooks/latitude-notebooks/latitude-15-5550-laptop/mg/notebook-latitude-15-5550-rgb-silver-gallery-20.psd?fmt=png-alpha&pscan=auto&scl=1&hei=402&wid=571&qlt=100,1&resMode=sharp2&size=571,402&chrss=full",Intel,Core i5-1135G7,4.0,4,8,DDR4,HDD,1024,16.0,2560 x 1440,60,True,50,Up to 15 hours,Dedicated,AMD,RTX 3060,B&O Tuned Speakers,False,Dual-array microphones,"USB-C, HDMI, SD Card Reader",Wi-Fi 6E,5.1,1.89,Aluminum,Shockproof Design,macOS Ventura,True,True,True,False
Lenovo 5602,Lenovo,$1637,"https://i.dell.com/is/image/DellContent/content/dam/ss2/product-images/dell-client-products/notebooks/latitude-notebooks/latitude-15-5550-laptop/mg/notebook-latitude-15-5550-rgb-silver-gallery-20.psd?fmt=png-alpha&pscan=auto&scl=1&hei=402&wid=571&qlt=100,1&resMode=sharp2&size=571,402&chrss=full",Apple,M3,4.2,10,32,DDR5,SSD,1024,14.0,1920 x 1080,60,False,70,Up to 15 hours,Dedicated,AMD,RX 6800M,Waves MaxxAudio Pro,True,Dual-array microphones,"USB-C, HDMI, SD Card Reader",Wi-Fi 6E,5.3,2.88,Aluminum,MIL-STD-810H certified,Ubuntu Linux,True,True,False,False
Lenovo 2933,Lenovo,$1166,"https://i.dell.com/is/image/DellContent/content/dam/ss2/product-images/dell-client-products/notebooks/latitude-notebooks/latitude-15-5550-laptop/mg/notebook-latitude-15-5550-rgb-silver-gallery-20.psd?fmt=png-alpha&pscan=auto&scl=1&hei=402&wid=571&qlt=100,1&resMode=sharp2&size=571,402&chrss=full",Intel,Core i7-12700H,1.7,8,64,LPDDR5,HDD,1024,15.6,3840 x 2160,144,True,70,Up to 10 hours,Integrated,NVIDIA,RTX 4070,Waves MaxxAudio Pro,False,Dual-array microphones,"USB-C, HDMI, SD Card Reader",Wi-Fi 6,5.0,1.87,Magnesium Alloy,IP5X Dust Resistant,Ubuntu Linux,False,True,False,True
Lenovo 1419,Lenovo,$1236,"https://i.dell.com/is/image/DellContent/content/dam/ss2/product-images/dell-client-products/notebooks/latitude-notebooks/latitude-15-5550-laptop/mg/notebook-latitude-15-5550-rgb-silver-gallery-20.psd?fmt=png-alpha&pscan=auto&scl=1&hei=402&wid=571&qlt=100,1&resMode=sharp2&size=571,402&chrss=full",AMD,Ryzen 9 7940HS,4.1,12,16,LPDDR5,HDD,2048,17.3,3840 x 2160,144,True,99,Up to 8 hours,Integrated,Intel,Intel Graphics,B&O Tuned Speakers,True,Dual-array microphones,"USB-C, HDMI, SD Card Reader",Wi-Fi 7,5.1,2.09,Aluminum,IP5X Dust Resistant,Windows 11 Pro,False,False,True,True
Asus 6167,Asus,$2599,"https://i.dell.com/is/image/DellContent/content/dam/ss2/product-images/dell-client-products/notebooks/latitude-notebooks/latitude-15-5550-laptop/mg/notebook-latitude-15-5550-rgb-silver-gallery-20.psd?fmt=png-alpha&pscan=auto&scl=1&hei=402&wid=571&qlt=100,1&resMode=sharp2&size=571,402&chrss=full",Apple,M1,4.2,4,64,DDR4,HDD,2048,16.0,2560 x 1440,144,True,54,Up to 10 hours,Dedicated,Intel,RX 6800M,B&O Tuned Speakers,False,Dual-array microphones,"USB-C, HDMI, SD Card Reader",Wi-Fi 7,5.3,1.08,Aluminum,IP5X Dust Resistant,Windows 11 Pro,True,True,False,True
Acer 2577,Acer,$2317,"https://i.dell.com/is/image/DellContent/content/dam/ss2/product-images/dell-client-products/notebooks/latitude-notebooks/latitude-15-5550-laptop/mg/notebook-latitude-15-5550-rgb-silver-gallery-20.psd?fmt=png-alpha&pscan=auto&scl=1&hei=402&wid=571&qlt=100,1&resMode=sharp2&size=571,402&chrss=full",AMD,Ryzen 7 6800U,4.8,12,16,DDR4,HDD,256,14.0,2560 x 1440,240,False,99,Up to 15 hours,Integrated,NVIDIA,RTX 4070,B&O Tuned Speakers,True,Dual-array microphones,"USB-C, HDMI, SD Card Reader",Wi-Fi 6E,5.0,2.36,Aluminum,IP5X Dust Resistant,Ubuntu Linux,False,False,True,True
Dell 8094,Dell,$2718,"https://i.dell.com/is/image/DellContent/content/dam/ss2/product-images/dell-client-products/notebooks/latitude-notebooks/latitude-15-5550-laptop/mg/notebook-latitude-15-5550-rgb-silver-gallery-20.psd?fmt=png-alpha&pscan=auto&scl=1&hei=402&wid=571&qlt=100,1&resMode=sharp2&size=571,402&chrss=full",AMD,Ryzen 7 6800U,3.2,12,16,DDR4,NVMe SSD,1024,15.6,2560 x 1440,60,False,40,Up to 12 hours,Dedicated,NVIDIA,RTX 3050,B&O Tuned Speakers,True,Dual-array microphones,"USB-C, HDMI, SD Card Reader",Wi-Fi 7,5.2,1.95,Magnesium Alloy,Shockproof Design,Windows 11 Pro,True,False,False,False
Samsung 4549,Samsung,$1388,"https://i.dell.com/is/image/DellContent/content/dam/ss2/product-images/dell-client-products/notebooks/latitude-notebooks/latitude-15-5550-laptop/mg/notebook-latitude-15-5550-rgb-silver-gallery-20.psd?fmt=png-alpha&pscan=auto&scl=1&hei=402&wid=571&qlt=100,1&resMode=sharp2&size=571,402&chrss=full",Apple,M3,1.8,8,16,LPDDR5,NVMe SSD,2048,13.3,3840 x 2160,240,False,99,Up to 10 hours,Dedicated,AMD,RTX 3050,B&O Tuned Speakers,False,Dual-array microphones,"USB-C, HDMI, SD Card Reader",Wi-Fi 6E,5.1,2.85,Plastic,MIL-STD-810H certified,macOS Ventura,True,True,False,False
Apple 5814,Apple,$2381,"https://i.dell.com/is/image/DellContent/content/dam/ss2/product-images/dell-client-products/notebooks/latitude-notebooks/latitude-15-5550-laptop/mg/notebook-latitude-15-5550-rgb-silver-gallery-20.psd?fmt=png-alpha&pscan=auto&scl=1&hei=402&wid=571&qlt=100,1&resMode=sharp2&size=571,402&chrss=full",Intel,Core i5-1135G7,2.8,6,16,DDR4,SSD,2048,14.0,2560 x 1440,60,False,70,Up to 15 hours,Dedicated,AMD,RTX 3050,Stereo speakers with Dolby Audio,False,Dual-array microphones,"USB 3.2 Type-C, HDMI, RJ-45",Wi-Fi 7,5.2,2.45,Aluminum,MIL-STD-810H certified,Windows 11 Pro,False,True,False,True
Samsung 4298,Samsung,$1839,"https://i.dell.com/is/image/DellContent/content/dam/ss2/product-images/dell-client-products/notebooks/latitude-notebooks/latitude-15-5550-laptop/mg/notebook-latitude-15-5550-rgb-silver-gallery-20.psd?fmt=png-alpha&pscan=auto&scl=1&hei=402&wid=571&qlt=100,1&resMode=sharp2&size=571,402&chrss=full",Apple,M3,4.0,16,32,DDR5,HDD,1024,17.3,3840 x 2160,240,False,50,Up to 15 hours,Integrated,AMD,RTX 3050,Waves MaxxAudio Pro,True,Dual-array microphones,"USB-C, HDMI, SD Card Reader",Wi-Fi 7,5.3,2.8,Aluminum,IP5X Dust Resistant,macOS Ventura,True,True,False,True
Samsung 2806,Samsung,$719,"https://i.dell.com/is/image/DellContent/content/dam/ss2/product-images/dell-client-products/notebooks/latitude-notebooks/latitude-15-5550-laptop/mg/notebook-latitude-15-5550-rgb-silver-gallery-20.psd?fmt=png-alpha&pscan=auto&scl=1&hei=402&wid=571&qlt=100,1&resMode=sharp2&size=571,402&chrss=full",Apple,M1,4.1,8,16,LPDDR5,SSD,256,17.3,1920 x 1080,120,True,70,Up to 10 hours,Dedicated,Intel,RTX 3050,B&O Tuned Speakers,False,Dual-array microphones,"USB 3.2 Type-A, USB 4.0, Thunderbolt 4",Wi-Fi 6,5.3,2.0,Plastic,IP5X Dust Resistant,Ubuntu Linux,True,True,False,True
Samsung 5493,Samsung,$2999,"https://i.dell.com/is/image/DellContent/content/dam/ss2/product-images/dell-client-products/notebooks/latitude-notebooks/latitude-15-5550-laptop/mg/notebook-latitude-15-5550-rgb-silver-gallery-20.psd?fmt=png-alpha&pscan=auto&scl=1&hei=402&wid=571&qlt=100,1&resMode=sharp2&size=571,402&chrss=full",AMD,Ryzen 7 6800U,4.0,12,64,DDR4,HDD,256,15.6,3840 x 2160,60,True,70,Up to 15 hours,Integrated,AMD,Intel Graphics,Stereo speakers with Dolby Audio,False,Dual-array microphones,"USB 3.2 Type-A, USB 4.0, Thunderbolt 4",Wi-Fi 6E,5.1,2.39,Magnesium Alloy,Shockproof Design,Ubuntu Linux,False,True,True,False
Asus 8563,Asus,$1754,"https://i.dell.com/is/image/DellContent/content/dam/ss2/product-images/dell-client-products/notebooks/latitude-notebooks/latitude-15-5550-laptop/mg/notebook-latitude-15-5550-rgb-silver-gallery-20.psd?fmt=png-alpha&pscan=auto&scl=1&hei=402&wid=571&qlt=100,1&resMode=sharp2&size=571,402&chrss=full",Apple,M1,4.3,10,64,DDR5,SSD,2048,17.3,1920 x 1080,60,False,50,Up to 10 hours,Dedicated,AMD,RTX 3060,B&O Tuned Speakers,True,Dual-array microphones,"USB 3.2 Type-C, HDMI, RJ-45",Wi-Fi 6E,5.2,1.22,Magnesium Alloy,Shockproof Design,macOS Ventura,True,False,True,True
Samsung 1799,Samsung,$1370,"https://i.dell.com/is/image/DellContent/content/dam/ss2/product-images/dell-client-products/notebooks/latitude-notebooks/latitude-15-5550-laptop/mg/notebook-latitude-15-5550-rgb-silver-gallery-20.psd?fmt=png-alpha&pscan=auto&scl=1&hei=402&wid=571&qlt=100,1&resMode=sharp2&size=571,402&chrss=full",Intel,Core i5-1135G7,2.5,12,8,LPDDR5,NVMe SSD,256,15.6,2560 x 1440,144,True,70,Up to 15 hours,Integrated,Intel,RTX 4070,Waves MaxxAudio Pro,True,Dual-array microphones,"USB 3.2 Type-C, HDMI, RJ-45",Wi-Fi 6,5.3,1.72,Magnesium Alloy,Shockproof Design,Windows 11 Pro,False,False,True,True
Samsung 7776,Samsung,$1037,"https://i.dell.com/is/image/DellContent/content/dam/ss2/product-images/dell-client-products/notebooks/latitude-notebooks/latitude-15-5550-laptop/mg/notebook-latitude-15-5550-rgb-silver-gallery-20.psd?fmt=png-alpha&pscan=auto&scl=1&hei=402&wid=571&qlt=100,1&resMode=sharp2&size=571,402&chrss=full",AMD,Ryzen 7 6800U,2.3,12,16,DDR5,HDD,256,16.0,3840 x 2160,240,False,40,Up to 12 hours,Integrated,NVIDIA,RX 6800M,B&O Tuned Speakers,True,Dual-array microphones,"USB-C, HDMI, SD Card Reader",Wi-Fi 6,5.2,1.03,Aluminum,MIL-STD-810H certified,Windows 11 Home,True,True,False,True
Asus 4676,Asus,$1380,"https://i.dell.com/is/image/DellContent/content/dam/ss2/product-images/dell-client-products/notebooks/latitude-notebooks/latitude-15-5550-laptop/mg/notebook-latitude-15-5550-rgb-silver-gallery-20.psd?fmt=png-alpha&pscan=auto&scl=1&hei=402&wid=571&qlt=100,1&resMode=sharp2&size=571,402&chrss=full",AMD,Ryzen 9 7940HS,2.8,4,16,DDR5,HDD,512,14.0,2560 x 1440,60,True,50,Up to 15 hours,Integrated,NVIDIA,RTX 3050,Waves MaxxAudio Pro,False,Dual-array microphones,"USB 3.2 Type-A, USB 4.0, Thunderbolt 4",Wi-Fi 6E,5.1,1.6,Magnesium Alloy,IP5X Dust Resistant,macOS Ventura,True,True,True,False
Apple 1384,Apple,$1637,"https://i.dell.com/is/image/DellContent/content/dam/ss2/product-images/dell-client-products/notebooks/latitude-notebooks/latitude-15-5550-laptop/mg/notebook-latitude-15-5550-rgb-silver-gallery-20.psd?fmt=png-alpha&pscan=auto&scl=1&hei=402&wid=571&qlt=100,1&resMode=sharp2&size=571,402&chrss=full",Apple,M1,2.1,4,8,DDR4,HDD,2048,13.3,1920 x 1080,120,False,99,Up to 8 hours,Dedicated,Intel,RX 6800M,Stereo speakers with Dolby Audio,True,Dual-array microphones,"USB-C, HDMI, SD Card Reader",Wi-Fi 6,5.0,2.29,Plastic,Shockproof Design,macOS Ventura,False,False,True,True
Microsoft 2922,Microsoft,$2441,"https://i.dell.com/is/image/DellContent/content/dam/ss2/product-images/dell-client-products/notebooks/latitude-notebooks/latitude-15-5550-laptop/mg/notebook-latitude-15-5550-rgb-silver-gallery-20.psd?fmt=png-alpha&pscan=auto&scl=1&hei=402&wid=571&qlt=100,1&resMode=sharp2&size=571,402&chrss=full",Apple,M2,1.1,10,32,LPDDR5,NVMe SSD,256,16.0,3840 x 2160,60,False,54,Up to 10 hours,Integrated,AMD,RTX 3050,Stereo speakers with Dolby Audio,False,Dual-array microphones,"USB 3.2 Type-A, USB 4.0, Thunderbolt 4",Wi-Fi 6E,5.3,2.34,Plastic,MIL-STD-810H certified,Ubuntu Linux,True,True,True,True
Razer 8699,Razer,$1499,"https://i.dell.com/is/image/DellContent/content/dam/ss2/product-images/dell-client-products/notebooks/latitude-notebooks/latitude-15-5550-laptop/mg/notebook-latitude-15-5550-rgb-silver-gallery-20.psd?fmt=png-alpha&pscan=auto&scl=1&hei=402&wid=571&qlt=100,1&resMode=sharp2&size=571,402&chrss=full",Apple,M1,2.7,10,64,DDR5,HDD,1024,13.3,1920 x 1080,144,False,50,Up to 15 hours,Integrated,NVIDIA,RTX 4070,Waves MaxxAudio Pro,True,Dual-array microphones,"USB-C, HDMI, SD Card Reader",Wi-Fi 6,5.0,1.89,Magnesium Alloy,MIL-STD-810H certified,Windows 11 Home,True,True,True,True
Razer 7364,Razer,$1601,"https://i.dell.com/is/image/DellContent/content/dam/ss2/product-images/dell-client-products/notebooks/latitude-notebooks/latitude-15-5550-laptop/mg/notebook-latitude-15-5550-rgb-silver-gallery-20.psd?fmt=png-alpha&pscan=auto&scl=1&hei=402&wid=571&qlt=100,1&resMode=sharp2&size=571,402&chrss=full",Apple,M1,3.5,6,64,DDR4,HDD,2048,15.6,1920 x 1080,144,False,54,Up to 8 hours,Dedicated,Intel,RTX 3050,Stereo speakers with Dolby Audio,False,Dual-array microphones,"USB 3.2 Type-A, USB 4.0, Thunderbolt 4",Wi-Fi 6E,5.1,1.84,Magnesium Alloy,Shockproof Design,Windows 11 Pro,False,False,False,True
Lenovo 5986,Lenovo,$924,"https://i.dell.com/is/image/DellContent/content/dam/ss2/product-images/dell-client-products/notebooks/latitude-notebooks/latitude-15-5550-laptop/mg/notebook-latitude-15-5550-rgb-silver-gallery-20.psd?fmt=png-alpha&pscan=auto&scl=1&hei=402&wid=571&qlt=100,1&resMode=sharp2&size=571,402&chrss=full",Apple,M1,2.7,16,16,DDR5,SSD,2048,16.0,1920 x 1080,120,True,50,Up to 12 hours,Integrated,NVIDIA,RTX 4070,B&O Tuned Speakers,False,Dual-array microphones,"USB-C, HDMI, SD Card Reader",Wi-Fi 6,5.3,1.21,Magnesium Alloy,MIL-STD-810H certified,macOS Ventura,False,False,False,True
Asus 1594,Asus,$517,"https://i.dell.com/is/image/DellContent/content/dam/ss2/product-images/dell-client-products/notebooks/latitude-notebooks/latitude-15-5550-laptop/mg/notebook-latitude-15-5550-rgb-silver-gallery-20.psd?fmt=png-alpha&pscan=auto&scl=1&hei=402&wid=571&qlt=100,1&resMode=sharp2&size=571,402&chrss=full",Intel,Core i7-12700H,4.3,6,8,DDR5,NVMe SSD,512,16.0,2560 x 1440,144,True,50,Up to 12 hours,Dedicated,NVIDIA,RTX 4070,Stereo speakers with Dolby Audio,False,Dual-array microphones,"USB-C, HDMI, SD Card Reader",Wi-Fi 6E,5.1,1.78,Aluminum,IP5X Dust Resistant,Ubuntu Linux,False,True,False,True
Asus 1965,Asus,$2360,"https://i.dell.com/is/image/DellContent/content/dam/ss2/product-images/dell-client-products/notebooks/latitude-notebooks/latitude-15-5550-laptop/mg/notebook-latitude-15-5550-rgb-silver-gallery-20.psd?fmt=png-alpha&pscan=auto&scl=1&hei=402&wid=571&qlt=100,1&resMode=sharp2&size=571,402&chrss=full",Apple,M1,2.2,4,64,LPDDR5,SSD,256,17.3,2560 x 1440,60,False,70,Up to 15 hours,Integrated,AMD,RTX 3050,B&O Tuned Speakers,False,Dual-array microphones,"USB 3.2 Type-A, USB 4.0, Thunderbolt 4",Wi-Fi 6E,5.3,1.68,Magnesium Alloy,MIL-STD-810H certified,Windows 11 Pro,True,False,False,False
MSI 6131,MSI,$862,"https://i.dell.com/is/image/DellContent/content/dam/ss2/product-images/dell-client-products/notebooks/latitude-notebooks/latitude-15-5550-laptop/mg/notebook-latitude-15-5550-rgb-silver-gallery-20.psd?fmt=png-alpha&pscan=auto&scl=1&hei=402&wid=571&qlt=100,1&resMode=sharp2&size=571,402&chrss=full",Intel,Core i7-12700H,3.5,8,8,LPDDR5,SSD,256,17.3,1920 x 1080,120,True,99,Up to 15 hours,Dedicated,Intel,RTX 4070,B&O Tuned Speakers,False,Dual-array microphones,"USB-C, HDMI, SD Card Reader",Wi-Fi 7,5.1,1.26,Aluminum,IP5X Dust Resistant,Ubuntu Linux,False,False,False,False
MSI 5143,MSI,$2544,"https://i.dell.com/is/image/DellContent/content/dam/ss2/product-images/dell-client-products/notebooks/latitude-notebooks/latitude-15-5550-laptop/mg/notebook-latitude-15-5550-rgb-silver-gallery-20.psd?fmt=png-alpha&pscan=auto&scl=1&hei=402&wid=571&qlt=100,1&resMode=sharp2&size=571,402&chrss=full",Intel,Core i5-1135G7,1.2,8,32,LPDDR5,NVMe SSD,1024,17.3,1920 x 1080,144,True,54,Up to 12 hours,Dedicated,AMD,RTX 3060,B&O Tuned Speakers,True,Dual-array microphones,"USB 3.2 Type-A, USB 4.0, Thunderbolt 4",Wi-Fi 6E,5.0,2.26,Magnesium Alloy,MIL-STD-810H certified,Ubuntu Linux,False,True,True,False
Lenovo 6251,Lenovo,$1791,"https://i.dell.com/is/image/DellContent/content/dam/ss2/product-images/dell-client-products/notebooks/latitude-notebooks/latitude-15-5550-laptop/mg/notebook-latitude-15-5550-rgb-silver-gallery-20.psd?fmt=png-alpha&pscan=auto&scl=1&hei=402&wid=571&qlt=100,1&resMode=sharp2&size=571,402&chrss=full",Intel,Core Ultra 5 135U,4.4,12,64,DDR5,SSD,256,17.3,2560 x 1440,60,True,99,Up to 15 hours,Integrated,Intel,Intel Graphics,Waves MaxxAudio Pro,False,Dual-array microphones,"USB-C, HDMI, SD Card Reader",Wi-Fi 7,5.2,2.69,Magnesium Alloy,IP5X Dust Resistant,macOS Ventura,True,True,True,True
Microsoft 2862,Microsoft,$2431,"https://i.dell.com/is/image/DellContent/content/dam/ss2/product-images/dell-client-products/notebooks/latitude-notebooks/latitude-15-5550-laptop/mg/notebook-latitude-15-5550-rgb-silver-gallery-20.psd?fmt=png-alpha&pscan=auto&scl=1&hei=402&wid=571&qlt=100,1&resMode=sharp2&size=571,402&chrss=full",Apple,M3,1.2,8,64,DDR5,NVMe SSD,512,15.6,3840 x 2160,240,False,40,Up to 8 hours,Dedicated,NVIDIA,RTX 3060,Waves MaxxAudio Pro,False,Dual-array microphones,"USB 3.2 Type-A, USB 4.0, Thunderbolt 4",Wi-Fi 6E,5.1,1.11,Aluminum,MIL-STD-810H certified,Windows 11 Home,False,True,False,True
HP 9725,HP,$2902,"https://i.dell.com/is/image/DellContent/content/dam/ss2/product-images/dell-client-products/notebooks/latitude-notebooks/latitude-15-5550-laptop/mg/notebook-latitude-15-5550-rgb-silver-gallery-20.psd?fmt=png-alpha&pscan=auto&scl=1&hei=402&wid=571&qlt=100,1&resMode=sharp2&size=571,402&chrss=full",Intel,Core i5-1135G7,1.9,8,64,DDR5,SSD,1024,14.0,1920 x 1080,120,True,50,Up to 8 hours,Dedicated,Intel,Intel Graphics,Waves MaxxAudio Pro,True,Dual-array microphones,"USB 3.2 Type-C, HDMI, RJ-45",Wi-Fi 6E,5.2,1.05,Plastic,Shockproof Design,Ubuntu Linux,True,False,False,False
Apple 4641,Apple,$1091,"https://i.dell.com/is/image/DellContent/content/dam/ss2/product-images/dell-client-products/notebooks/latitude-notebooks/latitude-15-5550-laptop/mg/notebook-latitude-15-5550-rgb-silver-gallery-20.psd?fmt=png-alpha&pscan=auto&scl=1&hei=402&wid=571&qlt=100,1&resMode=sharp2&size=571,402&chrss=full",AMD,Ryzen 9 7940HS,1.4,4,64,DDR4,SSD,512,15.6,3840 x 2160,165,False,40,Up to 12 hours,Dedicated,NVIDIA,RX 6800M,B&O Tuned Speakers,True,Dual-array microphones,"USB-C, HDMI, SD Card Reader",Wi-Fi 6,5.1,1.38,Magnesium Alloy,Shockproof Design,macOS Ventura,False,True,False,True
HP 8140,HP,$2944,"https://i.dell.com/is/image/DellContent/content/dam/ss2/product-images/dell-client-products/notebooks/latitude-notebooks/latitude-15-5550-laptop/mg/notebook-latitude-15-5550-rgb-silver-gallery-20.psd?fmt=png-alpha&pscan=auto&scl=1&hei=402&wid=571&qlt=100,1&resMode=sharp2&size=571,402&chrss=full",Apple,M3,1.9,16,32,DDR4,NVMe SSD,2048,14.0,3840 x 2160,144,False,70,Up to 10 hours,Dedicated,NVIDIA,RTX 4070,Waves MaxxAudio Pro,True,Dual-array microphones,"USB-C, HDMI, SD Card Reader",Wi-Fi 6E,5.0,1.9,Plastic,IP5X Dust Resistant,macOS Ventura,False,False,True,False
Apple 2691,Apple,$1824,"https://i.dell.com/is/image/DellContent/content/dam/ss2/product-images/dell-client-products/notebooks/latitude-notebooks/latitude-15-5550-laptop/mg/notebook-latitude-15-5550-rgb-silver-gallery-20.psd?fmt=png-alpha&pscan=auto&scl=1&hei=402&wid=571&qlt=100,1&resMode=sharp2&size=571,402&chrss=full",Intel,Core Ultra 5 135U,3.1,16,8,DDR5,HDD,2048,14.0,3840 x 2160,60,False,50,Up to 8 hours,Dedicated,AMD,RX 6800M,Stereo speakers with Dolby Audio,True,Dual-array microphones,"USB 3.2 Type-A, USB 4.0, Thunderbolt 4",Wi-Fi 6E,5.2,2.35,Plastic,Shockproof Design,Ubuntu Linux,True,False,False,True
Microsoft 4016,Microsoft,$714,"https://i.dell.com/is/image/DellContent/content/dam/ss2/product-images/dell-client-products/notebooks/latitude-notebooks/latitude-15-5550-laptop/mg/notebook-latitude-15-5550-rgb-silver-gallery-20.psd?fmt=png-alpha&pscan=auto&scl=1&hei=402&wid=571&qlt=100,1&resMode=sharp2&size=571,402&chrss=full",Apple,M3,3.5,8,64,LPDDR5,SSD,2048,17.3,3840 x 2160,144,True,54,Up to 8 hours,Integrated,Intel,RTX 3050,Waves MaxxAudio Pro,True,Dual-array microphones,"USB 3.2 Type-C, HDMI, RJ-45",Wi-Fi 6E,5.2,1.31,Plastic,MIL-STD-810H certified,Windows 11 Home,True,False,True,False
Microsoft 2162,Microsoft,$2384,"https://i.dell.com/is/image/DellContent/content/dam/ss2/product-images/dell-client-products/notebooks/latitude-notebooks/latitude-15-5550-laptop/mg/notebook-latitude-15-5550-rgb-silver-gallery-20.psd?fmt=png-alpha&pscan=auto&scl=1&hei=402&wid=571&qlt=100,1&resMode=sharp2&size=571,402&chrss=full",Apple,M2,3.0,4,16,DDR5,NVMe SSD,512,14.0,2560 x 1440,144,False,54,Up to 10 hours,Dedicated,AMD,Intel Graphics,B&O Tuned Speakers,True,Dual-array microphones,"USB 3.2 Type-C, HDMI, RJ-45",Wi-Fi 6,5.3,2.48,Plastic,IP5X Dust Resistant,macOS Ventura,True,True,False,True
Lenovo 3792,Lenovo,$2744,"https://i.dell.com/is/image/DellContent/content/dam/ss2/product-images/dell-client-products/notebooks/latitude-notebooks/latitude-15-5550-laptop/mg/notebook-latitude-15-5550-rgb-silver-gallery-20.psd?fmt=png-alpha&pscan=auto&scl=1&hei=402&wid=571&qlt=100,1&resMode=sharp2&size=571,402&chrss=full",Intel,Core Ultra 5 135U,3.8,6,32,LPDDR5,HDD,2048,14.0,2560 x 1440,60,True,99,Up to 15 hours,Integrated,NVIDIA,RX 6800M,Stereo speakers with Dolby Audio,False,Dual-array microphones,"USB 3.2 Type-C, HDMI, RJ-45",Wi-Fi 6E,5.2,2.03,Magnesium Alloy,Shockproof Design,Windows 11 Pro,False,False,False,True
Asus 3033,Asus,$2730,"https://i.dell.com/is/image/DellContent/content/dam/ss2/product-images/dell-client-products/notebooks/latitude-notebooks/latitude-15-5550-laptop/mg/notebook-latitude-15-5550-rgb-silver-gallery-20.psd?fmt=png-alpha&pscan=auto&scl=1&hei=402&wid=571&qlt=100,1&resMode=sharp2&size=571,402&chrss=full",Intel,Core i9-13980HX,4.0,12,64,LPDDR5,NVMe SSD,1024,17.3,2560 x 1440,144,False,54,Up to 8 hours,Dedicated,AMD,Intel Graphics,Stereo speakers with Dolby Audio,True,Dual-array microphones,"USB 3.2 Type-A, USB 4.0, Thunderbolt 4",Wi-Fi 7,5.2,1.84,Aluminum,MIL-STD-810H certified,macOS Ventura,False,False,True,False
Acer 1489,Acer,$1654,"https://i.dell.com/is/image/DellContent/content/dam/ss2/product-images/dell-client-products/notebooks/latitude-notebooks/latitude-15-5550-laptop/mg/notebook-latitude-15-5550-rgb-silver-gallery-20.psd?fmt=png-alpha&pscan=auto&scl=1&hei=402&wid=571&qlt=100,1&resMode=sharp2&size=571,402&chrss=full",AMD,Ryzen 7 6800U,2.0,4,16,DDR4,HDD,512,16.0,2560 x 1440,120,True,70,Up to 10 hours,Dedicated,AMD,Intel Graphics,Stereo speakers with Dolby Audio,True,Dual-array microphones,"USB 3.2 Type-A, USB 4.0, Thunderbolt 4",Wi-Fi 7,5.0,2.88,Magnesium Alloy,Shockproof Design,Ubuntu Linux,True,False,False,False
Apple 6379,Apple,$2295,"https://i.dell.com/is/image/DellContent/content/dam/ss2/product-images/dell-client-products/notebooks/latitude-notebooks/latitude-15-5550-laptop/mg/notebook-latitude-15-5550-rgb-silver-gallery-20.psd?fmt=png-alpha&pscan=auto&scl=1&hei=402&wid=571&qlt=100,1&resMode=sharp2&size=571,402&chrss=full",Apple,M1,3.1,10,16,DDR4,SSD,256,13.3,3840 x 2160,144,False,50,Up to 15 hours,Dedicated,NVIDIA,RTX 4070,Waves MaxxAudio Pro,False,Dual-array microphones,"USB-C, HDMI, SD Card Reader",Wi-Fi 6,5.0,2.32,Aluminum,MIL-STD-810H certified,Windows 11 Home,True,True,False,True
Samsung 9378,Samsung,$2436,"https://i.dell.com/is/image/DellContent/content/dam/ss2/product-images/dell-client-products/notebooks/latitude-notebooks/latitude-15-5550-laptop/mg/notebook-latitude-15-5550-rgb-silver-gallery-20.psd?fmt=png-alpha&pscan=auto&scl=1&hei=402&wid=571&qlt=100,1&resMode=sharp2&size=571,402&chrss=full",Apple,M2,4.6,12,8,LPDDR5,NVMe SSD,1024,13.3,2560 x 1440,120,False,99,Up to 10 hours,Integrated,Intel,RTX 3060,Stereo speakers with Dolby Audio,False,Dual-array microphones,"USB 3.2 Type-C, HDMI, RJ-45",Wi-Fi 7,5.0,2.57,Plastic,MIL-STD-810H certified,Windows 11 Pro,True,False,True,False
Asus 4951,Asus,$2815,"https://i.dell.com/is/image/DellContent/content/dam/ss2/product-images/dell-client-products/notebooks/latitude-notebooks/latitude-15-5550-laptop/mg/notebook-latitude-15-5550-rgb-silver-gallery-20.psd?fmt=png-alpha&pscan=auto&scl=1&hei=402&wid=571&qlt=100,1&resMode=sharp2&size=571,402&chrss=full",Apple,M1,1.6,10,8,DDR4,HDD,2048,15.6,1920 x 1080,240,True,50,Up to 12 hours,Integrated,Intel,Intel Graphics,Waves MaxxAudio Pro,True,Dual-array microphones,"USB 3.2 Type-A, USB 4.0, Thunderbolt 4",Wi-Fi 6E,5.1,2.0,Magnesium Alloy,IP5X Dust Resistant,Windows 11 Home,True,True,True,False
Razer 9128,Razer,$702,"https://i.dell.com/is/image/DellContent/content/dam/ss2/product-images/dell-client-products/notebooks/latitude-notebooks/latitude-15-5550-laptop/mg/notebook-latitude-15-5550-rgb-silver-gallery-20.psd?fmt=png-alpha&pscan=auto&scl=1&hei=402&wid=571&qlt=100,1&resMode=sharp2&size=571,402&chrss=full",Apple,M3,1.9,8,64,DDR4,HDD,2048,17.3,3840 x 2160,144,False,50,Up to 12 hours,Integrated,Intel,RTX 4070,Stereo speakers with Dolby Audio,True,Dual-array microphones,"USB-C, HDMI, SD Card Reader",Wi-Fi 6E,5.2,1.54,Plastic,Shockproof Design,Windows 11 Home,False,True,False,True
HP 1176,HP,$2998,"https://i.dell.com/is/image/DellContent/content/dam/ss2/product-images/dell-client-products/notebooks/latitude-notebooks/latitude-15-5550-laptop/mg/notebook-latitude-15-5550-rgb-silver-gallery-20.psd?fmt=png-alpha&pscan=auto&scl=1&hei=402&wid=571&qlt=100,1&resMode=sharp2&size=571,402&chrss=full",AMD,Ryzen 7 6800U,3.5,4,8,DDR5,NVMe SSD,256,14.0,2560 x 1440,240,False,54,Up to 15 hours,Integrated,Intel,RTX 3060,Waves MaxxAudio Pro,True,Dual-array microphones,"USB 3.2 Type-C, HDMI, RJ-45",Wi-Fi 6E,5.3,2.86,Plastic,MIL-STD-810H certified,macOS Ventura,True,True,False,False
Asus 3615,Asus,$1498,"https://i.dell.com/is/image/DellContent/content/dam/ss2/product-images/dell-client-products/notebooks/latitude-notebooks/latitude-15-5550-laptop/mg/notebook-latitude-15-5550-rgb-silver-gallery-20.psd?fmt=png-alpha&pscan=auto&scl=1&hei=402&wid=571&qlt=100,1&resMode=sharp2&size=571,402&chrss=full",Intel,Core i9-13980HX,3.7,4,16,DDR4,SSD,2048,14.0,2560 x 1440,165,True,40,Up to 15 hours,Integrated,Intel,RTX 3060,Stereo speakers with Dolby Audio,False,Dual-array microphones,"USB 3.2 Type-A, USB 4.0, Thunderbolt 4",Wi-Fi 6E,5.3,1.32,Plastic,IP5X Dust Resistant,macOS Ventura,False,True,True,False
MSI 5359,MSI,$2652,"https://i.dell.com/is/image/DellContent/content/dam/ss2/product-images/dell-client-products/notebooks/latitude-notebooks/latitude-15-5550-laptop/mg/notebook-latitude-15-5550-rgb-silver-gallery-20.psd?fmt=png-alpha&pscan=auto&scl=1&hei=402&wid=571&qlt=100,1&resMode=sharp2&size=571,402&chrss=full",Apple,M1,3.7,6,8,DDR4,SSD,2048,16.0,1920 x 1080,60,False,40,Up to 8 hours,Integrated,NVIDIA,RTX 4070,Waves MaxxAudio Pro,True,Dual-array microphones,"USB 3.2 Type-C, HDMI, RJ-45",Wi-Fi 6,5.1,2.77,Magnesium Alloy,MIL-STD-810H certified,Windows 11 Pro,True,True,True,True
Microsoft 2922,Microsoft,$788,"https://i.dell.com/is/image/DellContent/content/dam/ss2/product-images/dell-client-products/notebooks/latitude-notebooks/latitude-15-5550-laptop/mg/notebook-latitude-15-5550-rgb-silver-gallery-20.psd?fmt=png-alpha&pscan=auto&scl=1&hei=402&wid=571&qlt=100,1&resMode=sharp2&size=571,402&chrss=full",AMD,Ryzen 7 6800U,4.8,4,8,DDR5,NVMe SSD,2048,13.3,1920 x 1080,240,False,70,Up to 10 hours,Integrated,Intel,Intel Graphics,Stereo speakers with Dolby Audio,False,Dual-array microphones,"USB 3.2 Type-A, USB 4.0, Thunderbolt 4",Wi-Fi 7,5.0,2.76,Aluminum,MIL-STD-810H certified,macOS Ventura,True,True,False,True
HP 8491,HP,$2425,"https://i.dell.com/is/image/DellContent/content/dam/ss2/product-images/dell-client-products/notebooks/latitude-notebooks/latitude-15-5550-laptop/mg/notebook-latitude-15-5550-rgb-silver-gallery-20.psd?fmt=png-alpha&pscan=auto&scl=1&hei=402&wid=571&qlt=100,1&resMode=sharp2&size=571,402&chrss=full",Apple,M1,4.9,6,64,DDR4,SSD,2048,15.6,2560 x 1440,120,False,54,Up to 15 hours,Integrated,NVIDIA,RX 6800M,B&O Tuned Speakers,False,Dual-array microphones,"USB-C, HDMI, SD Card Reader",Wi-Fi 6E,5.2,1.02,Aluminum,IP5X Dust Resistant,macOS Ventura,False,False,False,False
Microsoft 1410,Microsoft,$988,"https://i.dell.com/is/image/DellContent/content/dam/ss2/product-images/dell-client-products/notebooks/latitude-notebooks/latitude-15-5550-laptop/mg/notebook-latitude-15-5550-rgb-silver-gallery-20.psd?fmt=png-alpha&pscan=auto&scl=1&hei=402&wid=571&qlt=100,1&resMode=sharp2&size=571,402&chrss=full",AMD,Ryzen 7 6800U,1.5,4,8,LPDDR5,NVMe SSD,512,17.3,3840 x 2160,240,True,54,Up to 10 hours,Integrated,AMD,RTX 3060,B&O Tuned Speakers,True,Dual-array microphones,"USB-C, HDMI, SD Card Reader",Wi-Fi 6,5.1,1.11,Magnesium Alloy,Shockproof Design,Windows 11 Pro,True,False,True,False
Microsoft 8271,Microsoft,$2686,"https://i.dell.com/is/image/DellContent/content/dam/ss2/product-images/dell-client-products/notebooks/latitude-notebooks/latitude-15-5550-laptop/mg/notebook-latitude-15-5550-rgb-silver-gallery-20.psd?fmt=png-alpha&pscan=auto&scl=1&hei=402&wid=571&qlt=100,1&resMode=sharp2&size=571,402&chrss=full",AMD,Ryzen 9 7940HS,1.8,8,16,DDR5,HDD,2048,15.6,1920 x 1080,144,False,99,Up to 10 hours,Dedicated,Intel,Intel Graphics,Waves MaxxAudio Pro,True,Dual-array microphones,"USB-C, HDMI, SD Card Reader",Wi-Fi 6E,5.3,2.58,Aluminum,Shockproof Design,macOS Ventura,False,False,True,False
Asus 3833,Asus,$1583,"https://i.dell.com/is/image/DellContent/content/dam/ss2/product-images/dell-client-products/notebooks/latitude-notebooks/latitude-15-5550-laptop/mg/notebook-latitude-15-5550-rgb-silver-gallery-20.psd?fmt=png-alpha&pscan=auto&scl=1&hei=402&wid=571&qlt=100,1&resMode=sharp2&size=571,402&chrss=full",Apple,M3,1.3,12,16,DDR5,HDD,512,14.0,2560 x 1440,60,False,50,Up to 15 hours,Dedicated,Intel,RTX 3050,Stereo speakers with Dolby Audio,True,Dual-array microphones,"USB-C, HDMI, SD Card Reader",Wi-Fi 6E,5.2,2.75,Plastic,IP5X Dust Resistant,Ubuntu Linux,False,False,True,False
Samsung 7582,Samsung,$1530,"https://i.dell.com/is/image/DellContent/content/dam/ss2/product-images/dell-client-products/notebooks/latitude-notebooks/latitude-15-5550-laptop/mg/notebook-latitude-15-5550-rgb-silver-gallery-20.psd?fmt=png-alpha&pscan=auto&scl=1&hei=402&wid=571&qlt=100,1&resMode=sharp2&size=571,402&chrss=full",Apple,M2,1.8,10,16,DDR5,SSD,256,14.0,3840 x 2160,120,False,54,Up to 15 hours,Integrated,Intel,RX 6800M,Waves MaxxAudio Pro,False,Dual-array microphones,"USB 3.2 Type-C, HDMI, RJ-45",Wi-Fi 6E,5.2,1.95,Aluminum,Shockproof Design,Ubuntu Linux,True,False,False,False
Acer 4769,Acer,$1600,"https://i.dell.com/is/image/DellContent/content/dam/ss2/product-images/dell-client-products/notebooks/latitude-notebooks/latitude-15-5550-laptop/mg/notebook-latitude-15-5550-rgb-silver-gallery-20.psd?fmt=png-alpha&pscan=auto&scl=1&hei=402&wid=571&qlt=100,1&resMode=sharp2&size=571,402&chrss=full",AMD,Ryzen 5 5600H,1.1,10,64,LPDDR5,NVMe SSD,256,14.0,3840 x 2160,240,False,70,Up to 12 hours,Dedicated,Intel,RTX 3060,B&O Tuned Speakers,False,Dual-array microphones,"USB 3.2 Type-C, HDMI, RJ-45",Wi-Fi 7,5.3,2.2,Magnesium Alloy,Shockproof Design,macOS Ventura,True,True,False,True
HP 1081,HP,$765,"https://i.dell.com/is/image/DellContent/content/dam/ss2/product-images/dell-client-products/notebooks/latitude-notebooks/latitude-15-5550-laptop/mg/notebook-latitude-15-5550-rgb-silver-gallery-20.psd?fmt=png-alpha&pscan=auto&scl=1&hei=402&wid=571&qlt=100,1&resMode=sharp2&size=571,402&chrss=full",Intel,Core i7-12700H,1.7,8,64,DDR5,NVMe SSD,256,14.0,3840 x 2160,120,True,54,Up to 10 hours,Integrated,NVIDIA,Intel Graphics,Waves MaxxAudio Pro,False,Dual-array microphones,"USB 3.2 Type-A, USB 4.0, Thunderbolt 4",Wi-Fi 6E,5.0,1.26,Magnesium Alloy,Shockproof Design,macOS Ventura,True,False,True,True
Razer 4265,Razer,$2605,"https://i.dell.com/is/image/DellContent/content/dam/ss2/product-images/dell-client-products/notebooks/latitude-notebooks/latitude-15-5550-laptop/mg/notebook-latitude-15-5550-rgb-silver-gallery-20.psd?fmt=png-alpha&pscan=auto&scl=1&hei=402&wid=571&qlt=100,1&resMode=sharp2&size=571,402&chrss=full",Intel,Core i9-13980HX,4.2,8,64,DDR4,HDD,256,17.3,2560 x 1440,60,False,54,Up to 10 hours,Dedicated,Intel,RX 6800M,Stereo speakers with Dolby Audio,False,Dual-array microphones,"USB 3.2 Type-C, HDMI, RJ-45",Wi-Fi 6E,5.3,1.11,Aluminum,Shockproof Design,Ubuntu Linux,True,False,True,True
HP 3812,HP,$1991,"https://i.dell.com/is/image/DellContent/content/dam/ss2/product-images/dell-client-products/notebooks/latitude-notebooks/latitude-15-5550-laptop/mg/notebook-latitude-15-5550-rgb-silver-gallery-20.psd?fmt=png-alpha&pscan=auto&scl=1&hei=402&wid=571&qlt=100,1&resMode=sharp2&size=571,402&chrss=full",AMD,Ryzen 9 7940HS,1.3,4,32,LPDDR5,SSD,512,14.0,2560 x 1440,60,False,54,Up to 10 hours,Integrated,NVIDIA,RX 6800M,Waves MaxxAudio Pro,True,Dual-array microphones,"USB 3.2 Type-C, HDMI, RJ-45",Wi-Fi 6E,5.2,2.34,Aluminum,MIL-STD-810H certified,Ubuntu Linux,False,True,False,True
Lenovo 9274,Lenovo,$909,"https://i.dell.com/is/image/DellContent/content/dam/ss2/product-images/dell-client-products/notebooks/latitude-notebooks/latitude-15-5550-laptop/mg/notebook-latitude-15-5550-rgb-silver-gallery-20.psd?fmt=png-alpha&pscan=auto&scl=1&hei=402&wid=571&qlt=100,1&resMode=sharp2&size=571,402&chrss=full",AMD,Ryzen 9 7940HS,1.4,4,16,LPDDR5,SSD,512,17.3,1920 x 1080,60,True,40,Up to 8 hours,Dedicated,NVIDIA,RTX 3050,B&O Tuned Speakers,True,Dual-array microphones,"USB 3.2 Type-A, USB 4.0, Thunderbolt 4",Wi-Fi 6,5.2,2.59,Magnesium Alloy,IP5X Dust Resistant,Ubuntu Linux,False,True,True,True
MSI 1901,MSI,$870,"https://i.dell.com/is/image/DellContent/content/dam/ss2/product-images/dell-client-products/notebooks/latitude-notebooks/latitude-15-5550-laptop/mg/notebook-latitude-15-5550-rgb-silver-gallery-20.psd?fmt=png-alpha&pscan=auto&scl=1&hei=402&wid=571&qlt=100,1&resMode=sharp2&size=571,402&chrss=full",Intel,Core i9-13980HX,4.4,4,16,LPDDR5,SSD,512,13.3,3840 x 2160,240,False,40,Up to 10 hours,Dedicated,Intel,RX 6800M,Stereo speakers with Dolby Audio,False,Dual-array microphones,"USB 3.2 Type-C, HDMI, RJ-45",Wi-Fi 7,5.2,2.39,Magnesium Alloy,IP5X Dust Resistant,Windows 11 Home,True,False,True,False
Acer 3409,Acer,$1810,"https://i.dell.com/is/image/DellContent/content/dam/ss2/product-images/dell-client-products/notebooks/latitude-notebooks/latitude-15-5550-laptop/mg/notebook-latitude-15-5550-rgb-silver-gallery-20.psd?fmt=png-alpha&pscan=auto&scl=1&hei=402&wid=571&qlt=100,1&resMode=sharp2&size=571,402&chrss=full",AMD,Ryzen 5 5600H,3.4,12,32,DDR5,NVMe SSD,512,17.3,2560 x 1440,120,False,40,Up to 10 hours,Integrated,AMD,RX 6800M,Waves MaxxAudio Pro,True,Dual-array microphones,"USB 3.2 Type-C, HDMI, RJ-45",Wi-Fi 6E,5.3,2.7,Aluminum,IP5X Dust Resistant,Windows 11 Home,True,True,True,False
Lenovo 8560,Lenovo,$1564,"https://i.dell.com/is/image/DellContent/content/dam/ss2/product-images/dell-client-products/notebooks/latitude-notebooks/latitude-15-5550-laptop/mg/notebook-latitude-15-5550-rgb-silver-gallery-20.psd?fmt=png-alpha&pscan=auto&scl=1&hei=402&wid=571&qlt=100,1&resMode=sharp2&size=571,402&chrss=full",AMD,Ryzen 7 6800U,1.2,4,16,DDR4,SSD,256,15.6,3840 x 2160,60,False,99,Up to 15 hours,Integrated,AMD,RTX 3060,Waves MaxxAudio Pro,False,Dual-array microphones,"USB-C, HDMI, SD Card Reader",Wi-Fi 6,5.2,2.91,Aluminum,Shockproof Design,Windows 11 Pro,True,False,False,True
Samsung 1287,Samsung,$2048,"https://i.dell.com/is/image/DellContent/content/dam/ss2/product-images/dell-client-products/notebooks/latitude-notebooks/latitude-15-5550-laptop/mg/notebook-latitude-15-5550-rgb-silver-gallery-20.psd?fmt=png-alpha&pscan=auto&scl=1&hei=402&wid=571&qlt=100,1&resMode=sharp2&size=571,402&chrss=full",Intel,Core i7-12700H,3.5,16,16,DDR4,NVMe SSD,1024,15.6,2560 x 1440,165,False,70,Up to 15 hours,Integrated,NVIDIA,Intel Graphics,B&O Tuned Speakers,False,Dual-array microphones,"USB-C, HDMI, SD Card Reader",Wi-Fi 6,5.1,2.5,Plastic,IP5X Dust Resistant,Windows 11 Pro,True,False,True,True
Apple 7423,Apple,$2297,"https://i.dell.com/is/image/DellContent/content/dam/ss2/product-images/dell-client-products/notebooks/latitude-notebooks/latitude-15-5550-laptop/mg/notebook-latitude-15-5550-rgb-silver-gallery-20.psd?fmt=png-alpha&pscan=auto&scl=1&hei=402&wid=571&qlt=100,1&resMode=sharp2&size=571,402&chrss=full",Apple,M1,3.6,16,32,LPDDR5,HDD,512,15.6,2560 x 1440,165,True,99,Up to 10 hours,Dedicated,Intel,RTX 3060,Stereo speakers with Dolby Audio,True,Dual-array microphones,"USB 3.2 Type-A, USB 4.0, Thunderbolt 4",Wi-Fi 6,5.1,2.13,Magnesium Alloy,IP5X Dust Resistant,Ubuntu Linux,True,False,False,True
Apple 2956,Apple,$2591,"https://i.dell.com/is/image/DellContent/content/dam/ss2/product-images/dell-client-products/notebooks/latitude-notebooks/latitude-15-5550-laptop/mg/notebook-latitude-15-5550-rgb-silver-gallery-20.psd?fmt=png-alpha&pscan=auto&scl=1&hei=402&wid=571&qlt=100,1&resMode=sharp2&size=571,402&chrss=full",Intel,Core i5-1135G7,2.3,4,16,LPDDR5,NVMe SSD,2048,13.3,3840 x 2160,120,True,70,Up to 15 hours,Dedicated,AMD,Intel Graphics,Waves MaxxAudio Pro,False,Dual-array microphones,"USB-C, HDMI, SD Card Reader",Wi-Fi 6,5.0,1.57,Plastic,MIL-STD-810H certified,Windows 11 Pro,False,True,False,False
Dell 3432,Dell,$871,"https://i.dell.com/is/image/DellContent/content/dam/ss2/product-images/dell-client-products/notebooks/latitude-notebooks/latitude-15-5550-laptop/mg/notebook-latitude-15-5550-rgb-silver-gallery-20.psd?fmt=png-alpha&pscan=auto&scl=1&hei=402&wid=571&qlt=100,1&resMode=sharp2&size=571,402&chrss=full",AMD,Ryzen 5 5600H,4.5,12,8,LPDDR5,SSD,1024,14.0,3840 x 2160,165,True,99,Up to 8 hours,Integrated,AMD,RX 6800M,Waves MaxxAudio Pro,False,Dual-array microphones,"USB 3.2 Type-A, USB 4.0, Thunderbolt 4",Wi-Fi 6,5.3,2.1,Aluminum,IP5X Dust Resistant,Windows 11 Pro,True,False,True,False
MSI 3809,MSI,$2316,"https://i.dell.com/is/image/DellContent/content/dam/ss2/product-images/dell-client-products/notebooks/latitude-notebooks/latitude-15-5550-laptop/mg/notebook-latitude-15-5550-rgb-silver-gallery-20.psd?fmt=png-alpha&pscan=auto&scl=1&hei=402&wid=571&qlt=100,1&resMode=sharp2&size=571,402&chrss=full",Apple,M2,1.7,12,8,DDR5,SSD,256,15.6,3840 x 2160,144,True,40,Up to 12 hours,Dedicated,AMD,RTX 3050,Stereo speakers with Dolby Audio,False,Dual-array microphones,"USB-C, HDMI, SD Card Reader",Wi-Fi 6E,5.1,1.87,Magnesium Alloy,IP5X Dust Resistant,Windows 11 Pro,True,True,True,False
Razer 7764,Razer,$711,"https://i.dell.com/is/image/DellContent/content/dam/ss2/product-images/dell-client-products/notebooks/latitude-notebooks/latitude-15-5550-laptop/mg/notebook-latitude-15-5550-rgb-silver-gallery-20.psd?fmt=png-alpha&pscan=auto&scl=1&hei=402&wid=571&qlt=100,1&resMode=sharp2&size=571,402&chrss=full",Intel,Core i5-1135G7,4.2,10,64,DDR4,NVMe SSD,1024,15.6,1920 x 1080,165,True,40,Up to 8 hours,Dedicated,AMD,RX 6800M,B&O Tuned Speakers,False,Dual-array microphones,"USB 3.2 Type-C, HDMI, RJ-45",Wi-Fi 6E,5.2,2.2,Aluminum,MIL-STD-810H certified,Windows 11 Home,False,True,False,True
MSI 3370,MSI,$2484,"https://i.dell.com/is/image/DellContent/content/dam/ss2/product-images/dell-client-products/notebooks/latitude-notebooks/latitude-15-5550-laptop/mg/notebook-latitude-15-5550-rgb-silver-gallery-20.psd?fmt=png-alpha&pscan=auto&scl=1&hei=402&wid=571&qlt=100,1&resMode=sharp2&size=571,402&chrss=full",Intel,Core i5-1135G7,3.8,12,8,LPDDR5,NVMe SSD,256,13.3,2560 x 1440,240,True,40,Up to 15 hours,Integrated,NVIDIA,RTX 3060,Waves MaxxAudio Pro,False,Dual-array microphones,"USB 3.2 Type-C, HDMI, RJ-45",Wi-Fi 6E,5.2,1.29,Magnesium Alloy,IP5X Dust Resistant,macOS Ventura,False,True,False,True
Lenovo 5609,Lenovo,$2276,"https://i.dell.com/is/image/DellContent/content/dam/ss2/product-images/dell-client-products/notebooks/latitude-notebooks/latitude-15-5550-laptop/mg/notebook-latitude-15-5550-rgb-silver-gallery-20.psd?fmt=png-alpha&pscan=auto&scl=1&hei=402&wid=571&qlt=100,1&resMode=sharp2&size=571,402&chrss=full",Intel,Core i9-13980HX,4.7,8,16,LPDDR5,SSD,1024,13.3,1920 x 1080,165,False,99,Up to 12 hours,Dedicated,NVIDIA,RX 6800M,Stereo speakers with Dolby Audio,True,Dual-array microphones,"USB 3.2 Type-C, HDMI, RJ-45",Wi-Fi 6E,5.2,1.67,Aluminum,MIL-STD-810H certified,Windows 11 Pro,False,False,False,False
MSI 1414,MSI,$2155,"https://i.dell.com/is/image/DellContent/content/dam/ss2/product-images/dell-client-products/notebooks/latitude-notebooks/latitude-15-5550-laptop/mg/notebook-latitude-15-5550-rgb-silver-gallery-20.psd?fmt=png-alpha&pscan=auto&scl=1&hei=402&wid=571&qlt=100,1&resMode=sharp2&size=571,402&chrss=full",Apple,M1,2.7,8,16,DDR5,SSD,2048,13.3,3840 x 2160,120,False,54,Up to 12 hours,Integrated,Intel,RTX 4070,Waves MaxxAudio Pro,False,Dual-array microphones,"USB-C, HDMI, SD Card Reader",Wi-Fi 6E,5.0,2.96,Aluminum,IP5X Dust Resistant,Windows 11 Pro,False,False,False,False
MSI 2585,MSI,$2200,"https://i.dell.com/is/image/DellContent/content/dam/ss2/product-images/dell-client-products/notebooks/latitude-notebooks/latitude-15-5550-laptop/mg/notebook-latitude-15-5550-rgb-silver-gallery-20.psd?fmt=png-alpha&pscan=auto&scl=1&hei=402&wid=571&qlt=100,1&resMode=sharp2&size=571,402&chrss=full",Intel,Core i5-1135G7,3.3,6,32,DDR4,SSD,512,16.0,1920 x 1080,165,True,70,Up to 8 hours,Dedicated,NVIDIA,RTX 3060,B&O Tuned Speakers,True,Dual-array microphones,"USB 3.2 Type-A, USB 4.0, Thunderbolt 4",Wi-Fi 7,5.3,2.64,Aluminum,Shockproof Design,Windows 11 Home,False,False,False,False
Samsung 5204,Samsung,$1348,"https://i.dell.com/is/image/DellContent/content/dam/ss2/product-images/dell-client-products/notebooks/latitude-notebooks/latitude-15-5550-laptop/mg/notebook-latitude-15-5550-rgb-silver-gallery-20.psd?fmt=png-alpha&pscan=auto&scl=1&hei=402&wid=571&qlt=100,1&resMode=sharp2&size=571,402&chrss=full",Apple,M1,2.0,10,32,DDR4,NVMe SSD,256,17.3,2560 x 1440,165,True,99,Up to 10 hours,Dedicated,NVIDIA,RTX 3060,B&O Tuned Speakers,False,Dual-array microphones,"USB-C, HDMI, SD Card Reader",Wi-Fi 7,5.2,1.25,Magnesium Alloy,Shockproof Design,macOS Ventura,True,True,False,True
Dell 8977,Dell,$2278,"https://i.dell.com/is/image/DellContent/content/dam/ss2/product-images/dell-client-products/notebooks/latitude-notebooks/latitude-15-5550-laptop/mg/notebook-latitude-15-5550-rgb-silver-gallery-20.psd?fmt=png-alpha&pscan=auto&scl=1&hei=402&wid=571&qlt=100,1&resMode=sharp2&size=571,402&chrss=full",AMD,Ryzen 5 5600H,3.5,8,8,LPDDR5,SSD,512,16.0,3840 x 2160,240,False,50,Up to 12 hours,Integrated,Intel,RTX 4070,B&O Tuned Speakers,False,Dual-array microphones,"USB 3.2 Type-A, USB 4.0, Thunderbolt 4",Wi-Fi 6E,5.2,2.28,Plastic,IP5X Dust Resistant,macOS Ventura,False,True,True,False
Asus 6860,Asus,$788,"https://i.dell.com/is/image/DellContent/content/dam/ss2/product-images/dell-client-products/notebooks/latitude-notebooks/latitude-15-5550-laptop/mg/notebook-latitude-15-5550-rgb-silver-gallery-20.psd?fmt=png-alpha&pscan=auto&scl=1&hei=402&wid=571&qlt=100,1&resMode=sharp2&size=571,402&chrss=full",Apple,M2,2.1,10,32,DDR4,SSD,512,15.6,2560 x 1440,165,False,40,Up to 12 hours,Dedicated,Intel,Intel Graphics,B&O Tuned Speakers,False,Dual-array microphones,"USB 3.2 Type-C, HDMI, RJ-45",Wi-Fi 7,5.1,2.19,Magnesium Alloy,Shockproof Design,macOS Ventura,False,False,False,False
Acer 5309,Acer,$1857,"https://i.dell.com/is/image/DellContent/content/dam/ss2/product-images/dell-client-products/notebooks/latitude-notebooks/latitude-15-5550-laptop/mg/notebook-latitude-15-5550-rgb-silver-gallery-20.psd?fmt=png-alpha&pscan=auto&scl=1&hei=402&wid=571&qlt=100,1&resMode=sharp2&size=571,402&chrss=full",Apple,M3,1.2,16,32,DDR5,HDD,2048,17.3,1920 x 1080,60,True,99,Up to 15 hours,Dedicated,NVIDIA,RX 6800M,B&O Tuned Speakers,True,Dual-array microphones,"USB 3.2 Type-A, USB 4.0, Thunderbolt 4",Wi-Fi 6,5.0,1.03,Aluminum,IP5X Dust Resistant,Ubuntu Linux,True,False,False,True
MSI 1287,MSI,$1768,"https://i.dell.com/is/image/DellContent/content/dam/ss2/product-images/dell-client-products/notebooks/latitude-notebooks/latitude-15-5550-laptop/mg/notebook-latitude-15-5550-rgb-silver-gallery-20.psd?fmt=png-alpha&pscan=auto&scl=1&hei=402&wid=571&qlt=100,1&resMode=sharp2&size=571,402&chrss=full",Intel,Core Ultra 5 135U,3.6,12,16,DDR4,NVMe SSD,256,16.0,3840 x 2160,165,False,40,Up to 15 hours,Dedicated,NVIDIA,RX 6800M,B&O Tuned Speakers,True,Dual-array microphones,"USB 3.2 Type-C, HDMI, RJ-45",Wi-Fi 6,5.2,2.06,Magnesium Alloy,IP5X Dust Resistant,Windows 11 Home,False,True,False,True
Acer 1323,Acer,$672,"https://i.dell.com/is/image/DellContent/content/dam/ss2/product-images/dell-client-products/notebooks/latitude-notebooks/latitude-15-5550-laptop/mg/notebook-latitude-15-5550-rgb-silver-gallery-20.psd?fmt=png-alpha&pscan=auto&scl=1&hei=402&wid=571&qlt=100,1&resMode=sharp2&size=571,402&chrss=full",Apple,M1,4.1,6,64,DDR5,HDD,512,14.0,3840 x 2160,240,False,54,Up to 12 hours,Integrated,Intel,RTX 3060,Waves MaxxAudio Pro,False,Dual-array microphones,"USB 3.2 Type-A, USB 4.0, Thunderbolt 4",Wi-Fi 6E,5.0,1.21,Plastic,IP5X Dust Resistant,Ubuntu Linux,True,False,False,False
Apple 7907,Apple,$1125,"https://i.dell.com/is/image/DellContent/content/dam/ss2/product-images/dell-client-products/notebooks/latitude-notebooks/latitude-15-5550-laptop/mg/notebook-latitude-15-5550-rgb-silver-gallery-20.psd?fmt=png-alpha&pscan=auto&scl=1&hei=402&wid=571&qlt=100,1&resMode=sharp2&size=571,402&chrss=full",Apple,M1,1.2,12,64,DDR5,SSD,256,14.0,2560 x 1440,240,True,70,Up to 15 hours,Integrated,AMD,RTX 3060,B&O Tuned Speakers,True,Dual-array microphones,"USB-C, HDMI, SD Card Reader",Wi-Fi 7,5.3,1.53,Aluminum,IP5X Dust Resistant,Windows 11 Home,False,True,False,False
Samsung 4366,Samsung,$2303,"https://i.dell.com/is/image/DellContent/content/dam/ss2/product-images/dell-client-products/notebooks/latitude-notebooks/latitude-15-5550-laptop/mg/notebook-latitude-15-5550-rgb-silver-gallery-20.psd?fmt=png-alpha&pscan=auto&scl=1&hei=402&wid=571&qlt=100,1&resMode=sharp2&size=571,402&chrss=full",AMD,Ryzen 9 7940HS,1.3,16,64,DDR4,NVMe SSD,2048,13.3,3840 x 2160,120,True,50,Up to 10 hours,Dedicated,Intel,RTX 4070,B&O Tuned Speakers,False,Dual-array microphones,"USB-C, HDMI, SD Card Reader",Wi-Fi 6E,5.2,2.68,Plastic,MIL-STD-810H certified,Ubuntu Linux,True,True,True,True
Apple 6387,Apple,$2600,"https://i.dell.com/is/image/DellContent/content/dam/ss2/product-images/dell-client-products/notebooks/latitude-notebooks/latitude-15-5550-laptop/mg/notebook-latitude-15-5550-rgb-silver-gallery-20.psd?fmt=png-alpha&pscan=auto&scl=1&hei=402&wid=571&qlt=100,1&resMode=sharp2&size=571,402&chrss=full",Apple,M2,1.2,8,64,DDR5,NVMe SSD,2048,13.3,2560 x 1440,120,True,70,Up to 12 hours,Dedicated,Intel,RTX 3050,B&O Tuned Speakers,False,Dual-array microphones,"USB 3.2 Type-C, HDMI, RJ-45",Wi-Fi 7,5.1,1.64,Plastic,Shockproof Design,Ubuntu Linux,False,True,False,False
MSI 1145,MSI,$1711,"https://i.dell.com/is/image/DellContent/content/dam/ss2/product-images/dell-client-products/notebooks/latitude-notebooks/latitude-15-5550-laptop/mg/notebook-latitude-15-5550-rgb-silver-gallery-20.psd?fmt=png-alpha&pscan=auto&scl=1&hei=402&wid=571&qlt=100,1&resMode=sharp2&size=571,402&chrss=full",Apple,M2,4.5,10,32,LPDDR5,SSD,512,14.0,1920 x 1080,120,True,70,Up to 10 hours,Integrated,Intel,RTX 3050,Waves MaxxAudio Pro,True,Dual-array microphones,"USB-C, HDMI, SD Card Reader",Wi-Fi 6E,5.0,1.6,Magnesium Alloy,Shockproof Design,Windows 11 Home,False,False,True,True
Apple 5507,Apple,$1740,"https://i.dell.com/is/image/DellContent/content/dam/ss2/product-images/dell-client-products/notebooks/latitude-notebooks/latitude-15-5550-laptop/mg/notebook-latitude-15-5550-rgb-silver-gallery-20.psd?fmt=png-alpha&pscan=auto&scl=1&hei=402&wid=571&qlt=100,1&resMode=sharp2&size=571,402&chrss=full",Apple,M3,2.0,16,8,LPDDR5,SSD,256,15.6,3840 x 2160,165,True,54,Up to 15 hours,Integrated,AMD,RTX 4070,Stereo speakers with Dolby Audio,True,Dual-array microphones,"USB 3.2 Type-A, USB 4.0, Thunderbolt 4",Wi-Fi 7,5.3,1.58,Plastic,Shockproof Design,Windows 11 Pro,True,True,False,False
Samsung 2595,Samsung,$1350,"https://i.dell.com/is/image/DellContent/content/dam/ss2/product-images/dell-client-products/notebooks/latitude-notebooks/latitude-15-5550-laptop/mg/notebook-latitude-15-5550-rgb-silver-gallery-20.psd?fmt=png-alpha&pscan=auto&scl=1&hei=402&wid=571&qlt=100,1&resMode=sharp2&size=571,402&chrss=full",Apple,M1,3.7,16,16,DDR5,SSD,2048,16.0,1920 x 1080,240,True,40,Up to 12 hours,Dedicated,NVIDIA,RX 6800M,Stereo speakers with Dolby Audio,False,Dual-array microphones,"USB 3.2 Type-C, HDMI, RJ-45",Wi-Fi 7,5.2,2.63,Aluminum,MIL-STD-810H certified,macOS Ventura,True,False,True,False
Asus 7112,Asus,$1331,"https://i.dell.com/is/image/DellContent/content/dam/ss2/product-images/dell-client-products/notebooks/latitude-notebooks/latitude-15-5550-laptop/mg/notebook-latitude-15-5550-rgb-silver-gallery-20.psd?fmt=png-alpha&pscan=auto&scl=1&hei=402&wid=571&qlt=100,1&resMode=sharp2&size=571,402&chrss=full",Apple,M1,4.3,10,16,LPDDR5,SSD,512,14.0,2560 x 1440,165,True,40,Up to 15 hours,Dedicated,Intel,RTX 3050,B&O Tuned Speakers,True,Dual-array microphones,"USB 3.2 Type-A, USB 4.0, Thunderbolt 4",Wi-Fi 6,5.2,2.1,Aluminum,IP5X Dust Resistant,Windows 11 Home,False,True,True,False
Asus 4183,Asus,$788,"https://i.dell.com/is/image/DellContent/content/dam/ss2/product-images/dell-client-products/notebooks/latitude-notebooks/latitude-15-5550-laptop/mg/notebook-latitude-15-5550-rgb-silver-gallery-20.psd?fmt=png-alpha&pscan=auto&scl=1&hei=402&wid=571&qlt=100,1&resMode=sharp2&size=571,402&chrss=full",Intel,Core i5-1135G7,2.3,8,8,DDR5,NVMe SSD,256,16.0,2560 x 1440,144,False,70,Up to 12 hours,Dedicated,NVIDIA,RTX 3060,B&O Tuned Speakers,False,Dual-array microphones,"USB-C, HDMI, SD Card Reader",Wi-Fi 7,5.3,1.72,Aluminum,IP5X Dust Resistant,Windows 11 Pro,False,False,True,True
Lenovo 9245,Lenovo,$578,"https://i.dell.com/is/image/DellContent/content/dam/ss2/product-images/dell-client-products/notebooks/latitude-notebooks/latitude-15-5550-laptop/mg/notebook-latitude-15-5550-rgb-silver-gallery-20.psd?fmt=png-alpha&pscan=auto&scl=1&hei=402&wid=571&qlt=100,1&resMode=sharp2&size=571,402&chrss=full",AMD,Ryzen 5 5600H,3.4,4,64,LPDDR5,SSD,256,16.0,2560 x 1440,165,True,54,Up to 12 hours,Dedicated,Intel,Intel Graphics,Stereo speakers with Dolby Audio,True,Dual-array microphones,"USB 3.2 Type-A, USB 4.0, Thunderbolt 4",Wi-Fi 7,5.3,1.17,Aluminum,Shockproof Design,Windows 11 Home,False,False,False,False
Microsoft 2967,Microsoft,$2934,"https://i.dell.com/is/image/DellContent/content/dam/ss2/product-images/dell-client-products/notebooks/latitude-notebooks/latitude-15-5550-laptop/mg/notebook-latitude-15-5550-rgb-silver-gallery-20.psd?fmt=png-alpha&pscan=auto&scl=1&hei=402&wid=571&qlt=100,1&resMode=sharp2&size=571,402&chrss=full",Intel,Core i9-13980HX,1.1,8,64,DDR5,SSD,2048,14.0,3840 x 2160,165,True,70,Up to 10 hours,Integrated,NVIDIA,RTX 3060,Waves MaxxAudio Pro,False,Dual-array microphones,"USB 3.2 Type-A, USB 4.0, Thunderbolt 4",Wi-Fi 7,5.1,2.5,Plastic,IP5X Dust Resistant,Windows 11 Pro,True,False,True,True
HP 5319,HP,$1387,"https://i.dell.com/is/image/DellContent/content/dam/ss2/product-images/dell-client-products/notebooks/latitude-notebooks/latitude-15-5550-laptop/mg/notebook-latitude-15-5550-rgb-silver-gallery-20.psd?fmt=png-alpha&pscan=auto&scl=1&hei=402&wid=571&qlt=100,1&resMode=sharp2&size=571,402&chrss=full",AMD,Ryzen 5 5600H,4.1,10,8,LPDDR5,SSD,256,16.0,3840 x 2160,144,False,54,Up to 12 hours,Dedicated,NVIDIA,Intel Graphics,Waves MaxxAudio Pro,True,Dual-array microphones,"USB 3.2 Type-C, HDMI, RJ-45",Wi-Fi 7,5.0,1.22,Aluminum,Shockproof Design,Ubuntu Linux,False,False,False,False
Lenovo 7484,Lenovo,$2593,"https://i.dell.com/is/image/DellContent/content/dam/ss2/product-images/dell-client-products/notebooks/latitude-notebooks/latitude-15-5550-laptop/mg/notebook-latitude-15-5550-rgb-silver-gallery-20.psd?fmt=png-alpha&pscan=auto&scl=1&hei=402&wid=571&qlt=100,1&resMode=sharp2&size=571,402&chrss=full",Apple,M1,1.6,12,64,LPDDR5,NVMe SSD,1024,13.3,3840 x 2160,240,True,70,Up to 10 hours,Dedicated,NVIDIA,RTX 3060,Stereo speakers with Dolby Audio,False,Dual-array microphones,"USB 3.2 Type-C, HDMI, RJ-45",Wi-Fi 6E,5.1,2.06,Aluminum,MIL-STD-810H certified,Ubuntu Linux,False,True,True,False
Apple 7825,Apple,$1253,"https://i.dell.com/is/image/DellContent/content/dam/ss2/product-images/dell-client-products/notebooks/latitude-notebooks/latitude-15-5550-laptop/mg/notebook-latitude-15-5550-rgb-silver-gallery-20.psd?fmt=png-alpha&pscan=auto&scl=1&hei=402&wid=571&qlt=100,1&resMode=sharp2&size=571,402&chrss=full",AMD,Ryzen 7 6800U,4.1,8,8,LPDDR5,SSD,1024,15.6,2560 x 1440,240,False,54,Up to 15 hours,Integrated,AMD,RX 6800M,Stereo speakers with Dolby Audio,False,Dual-array microphones,"USB-C, HDMI, SD Card Reader",Wi-Fi 7,5.0,1.94,Magnesium Alloy,Shockproof Design,macOS Ventura,False,False,True,True
Razer 2952,Razer,$781,"https://i.dell.com/is/image/DellContent/content/dam/ss2/product-images/dell-client-products/notebooks/latitude-notebooks/latitude-15-5550-laptop/mg/notebook-latitude-15-5550-rgb-silver-gallery-20.psd?fmt=png-alpha&pscan=auto&scl=1&hei=402&wid=571&qlt=100,1&resMode=sharp2&size=571,402&chrss=full",AMD,Ryzen 9 7940HS,1.6,16,64,DDR5,NVMe SSD,2048,14.0,1920 x 1080,60,False,40,Up to 12 hours,Integrated,NVIDIA,RX 6800M,B&O Tuned Speakers,True,Dual-array microphones,"USB 3.2 Type-C, HDMI, RJ-45",Wi-Fi 6E,5.3,2.08,Aluminum,IP5X Dust Resistant,Windows 11 Pro,False,True,False,True
Dell 2640,Dell,$1597,"https://i.dell.com/is/image/DellContent/content/dam/ss2/product-images/dell-client-products/notebooks/latitude-notebooks/latitude-15-5550-laptop/mg/notebook-latitude-15-5550-rgb-silver-gallery-20.psd?fmt=png-alpha&pscan=auto&scl=1&hei=402&wid=571&qlt=100,1&resMode=sharp2&size=571,402&chrss=full",Apple,M1,3.0,10,16,DDR4,NVMe SSD,1024,17.3,3840 x 2160,165,False,54,Up to 12 hours,Integrated,Intel,RX 6800M,Waves MaxxAudio Pro,False,Dual-array microphones,"USB 3.2 Type-C, HDMI, RJ-45",Wi-Fi 7,5.1,1.24,Magnesium Alloy,Shockproof Design,Windows 11 Home,False,True,False,True
Apple 4088,Apple,$1395,"https://i.dell.com/is/image/DellContent/content/dam/ss2/product-images/dell-client-products/notebooks/latitude-notebooks/latitude-15-5550-laptop/mg/notebook-latitude-15-5550-rgb-silver-gallery-20.psd?fmt=png-alpha&pscan=auto&scl=1&hei=402&wid=571&qlt=100,1&resMode=sharp2&size=571,402&chrss=full",Apple,M3,1.5,6,32,DDR4,HDD,2048,14.0,2560 x 1440,165,True,40,Up to 8 hours,Integrated,NVIDIA,RTX 3060,B&O Tuned Speakers,True,Dual-array microphones,"USB 3.2 Type-A, USB 4.0, Thunderbolt 4",Wi-Fi 6E,5.2,2.22,Plastic,IP5X Dust Resistant,Windows 11 Home,True,True,True,True
Microsoft 9525,Microsoft,$1463,"https://i.dell.com/is/image/DellContent/content/dam/ss2/product-images/dell-client-products/notebooks/latitude-notebooks/latitude-15-5550-laptop/mg/notebook-latitude-15-5550-rgb-silver-gallery-20.psd?fmt=png-alpha&pscan=auto&scl=1&hei=402&wid=571&qlt=100,1&resMode=sharp2&size=571,402&chrss=full",AMD,Ryzen 9 7940HS,2.7,12,32,DDR4,SSD,512,17.3,3840 x 2160,165,True,99,Up to 12 hours,Dedicated,NVIDIA,RX 6800M,Waves MaxxAudio Pro,False,Dual-array microphones,"USB 3.2 Type-C, HDMI, RJ-45",Wi-Fi 7,5.3,1.94,Aluminum,IP5X Dust Resistant,macOS Ventura,True,False,True,True
Apple 6193,Apple,$1787,"https://i.dell.com/is/image/DellContent/content/dam/ss2/product-images/dell-client-products/notebooks/latitude-notebooks/latitude-15-5550-laptop/mg/notebook-latitude-15-5550-rgb-silver-gallery-20.psd?fmt=png-alpha&pscan=auto&scl=1&hei=402&wid=571&qlt=100,1&resMode=sharp2&size=571,402&chrss=full",Apple,M1,3.7,6,8,LPDDR5,NVMe SSD,256,13.3,2560 x 1440,240,True,99,Up to 8 hours,Integrated,Intel,RTX 3050,B&O Tuned Speakers,False,Dual-array microphones,"USB-C, HDMI, SD Card Reader",Wi-Fi 6E,5.1,2.68,Magnesium Alloy,IP5X Dust Resistant,Windows 11 Pro,True,False,True,True
Apple 6578,Apple,$2496,"https://i.dell.com/is/image/DellContent/content/dam/ss2/product-images/dell-client-products/notebooks/latitude-notebooks/latitude-15-5550-laptop/mg/notebook-latitude-15-5550-rgb-silver-gallery-20.psd?fmt=png-alpha&pscan=auto&scl=1&hei=402&wid=571&qlt=100,1&resMode=sharp2&size=571,402&chrss=full",AMD,Ryzen 7 6800U,4.4,8,32,DDR4,SSD,2048,16.0,3840 x 2160,144,True,40,Up to 15 hours,Integrated,AMD,RX 6800M,Stereo speakers with Dolby Audio,True,Dual-array microphones,"USB 3.2 Type-A, USB 4.0, Thunderbolt 4",Wi-Fi 6,5.0,1.27,Aluminum,Shockproof Design,Windows 11 Pro,False,False,False,False
Apple 7840,Apple,$2384,"https://i.dell.com/is/image/DellContent/content/dam/ss2/product-images/dell-client-products/notebooks/latitude-notebooks/latitude-15-5550-laptop/mg/notebook-latitude-15-5550-rgb-silver-gallery-20.psd?fmt=png-alpha&pscan=auto&scl=1&hei=402&wid=571&qlt=100,1&resMode=sharp2&size=571,402&chrss=full",Apple,M2,1.2,16,8,LPDDR5,NVMe SSD,2048,13.3,3840 x 2160,120,True,54,Up to 10 hours,Dedicated,NVIDIA,RX 6800M,B&O Tuned Speakers,True,Dual-array microphones,"USB 3.2 Type-C, HDMI, RJ-45",Wi-Fi 7,5.1,1.92,Aluminum,MIL-STD-810H certified,Windows 11 Home,True,True,False,True
Microsoft 3365,Microsoft,$930,"https://i.dell.com/is/image/DellContent/content/dam/ss2/product-images/dell-client-products/notebooks/latitude-notebooks/latitude-15-5550-laptop/mg/notebook-latitude-15-5550-rgb-silver-gallery-20.psd?fmt=png-alpha&pscan=auto&scl=1&hei=402&wid=571&qlt=100,1&resMode=sharp2&size=571,402&chrss=full",Intel,Core i5-1135G7,2.3,8,64,LPDDR5,SSD,2048,13.3,3840 x 2160,60,False,70,Up to 10 hours,Integrated,NVIDIA,RX 6800M,B&O Tuned Speakers,True,Dual-array microphones,"USB 3.2 Type-C, HDMI, RJ-45",Wi-Fi 6E,5.0,1.35,Magnesium Alloy,MIL-STD-810H certified,macOS Ventura,True,True,False,False
Razer 1963,Razer,$2071,"https://i.dell.com/is/image/DellContent/content/dam/ss2/product-images/dell-client-products/notebooks/latitude-notebooks/latitude-15-5550-laptop/mg/notebook-latitude-15-5550-rgb-silver-gallery-20.psd?fmt=png-alpha&pscan=auto&scl=1&hei=402&wid=571&qlt=100,1&resMode=sharp2&size=571,402&chrss=full",AMD,Ryzen 9 7940HS,2.8,10,64,DDR5,HDD,512,17.3,2560 x 1440,120,False,70,Up to 8 hours,Dedicated,Intel,RTX 3060,Stereo speakers with Dolby Audio,False,Dual-array microphones,"USB 3.2 Type-A, USB 4.0, Thunderbolt 4",Wi-Fi 6,5.1,2.77,Plastic,IP5X Dust Resistant,Ubuntu Linux,True,False,True,True
Dell 2578,Dell,$2922,"https://i.dell.com/is/image/DellContent/content/dam/ss2/product-images/dell-client-products/notebooks/latitude-notebooks/latitude-15-5550-laptop/mg/notebook-latitude-15-5550-rgb-silver-gallery-20.psd?fmt=png-alpha&pscan=auto&scl=1&hei=402&wid=571&qlt=100,1&resMode=sharp2&size=571,402&chrss=full",Apple,M3,4.7,6,8,LPDDR5,HDD,512,15.6,3840 x 2160,60,False,70,Up to 15 hours,Dedicated,NVIDIA,RX 6800M,B&O Tuned Speakers,False,Dual-array microphones,"USB 3.2 Type-A, USB 4.0, Thunderbolt 4",Wi-Fi 6E,5.0,1.61,Plastic,IP5X Dust Resistant,Windows 11 Pro,False,False,False,False
MSI 1665,MSI,$2120,"https://i.dell.com/is/image/DellContent/content/dam/ss2/product-images/dell-client-products/notebooks/latitude-notebooks/latitude-15-5550-laptop/mg/notebook-latitude-15-5550-rgb-silver-gallery-20.psd?fmt=png-alpha&pscan=auto&scl=1&hei=402&wid=571&qlt=100,1&resMode=sharp2&size=571,402&chrss=full",Apple,M3,1.3,6,64,DDR4,SSD,512,17.3,1920 x 1080,165,True,40,Up to 15 hours,Dedicated,AMD,RTX 3060,B&O Tuned Speakers,False,Dual-array microphones,"USB 3.2 Type-A, USB 4.0, Thunderbolt 4",Wi-Fi 6,5.3,2.4,Plastic,IP5X Dust Resistant,Ubuntu Linux,False,False,False,False
Razer 9679,Razer,$1108,"https://i.dell.com/is/image/DellContent/content/dam/ss2/product-images/dell-client-products/notebooks/latitude-notebooks/latitude-15-5550-laptop/mg/notebook-latitude-15-5550-rgb-silver-gallery-20.psd?fmt=png-alpha&pscan=auto&scl=1&hei=402&wid=571&qlt=100,1&resMode=sharp2&size=571,402&chrss=full",Intel,Core i7-12700H,1.6,6,16,LPDDR5,NVMe SSD,512,15.6,3840 x 2160,60,False,40,Up to 15 hours,Integrated,Intel,RTX 3050,Waves MaxxAudio Pro,True,Dual-array microphones,"USB-C, HDMI, SD Card Reader",Wi-Fi 6E,5.1,2.74,Magnesium Alloy,IP5X Dust Resistant,macOS Ventura,False,False,False,True
Apple 8413,Apple,$2851,"https://i.dell.com/is/image/DellContent/content/dam/ss2/product-images/dell-client-products/notebooks/latitude-notebooks/latitude-15-5550-laptop/mg/notebook-latitude-15-5550-rgb-silver-gallery-20.psd?fmt=png-alpha&pscan=auto&scl=1&hei=402&wid=571&qlt=100,1&resMode=sharp2&size=571,402&chrss=full",Intel,Core Ultra 5 135U,1.8,4,16,LPDDR5,SSD,1024,16.0,2560 x 1440,144,False,50,Up to 12 hours,Integrated,AMD,Intel Graphics,Stereo speakers with Dolby Audio,True,Dual-array microphones,"USB-C, HDMI, SD Card Reader",Wi-Fi 7,5.0,2.36,Plastic,IP5X Dust Resistant,Windows 11 Pro,True,False,False,True
Razer 9449,Razer,$2357,"https://i.dell.com/is/image/DellContent/content/dam/ss2/product-images/dell-client-products/notebooks/latitude-notebooks/latitude-15-5550-laptop/mg/notebook-latitude-15-5550-rgb-silver-gallery-20.psd?fmt=png-alpha&pscan=auto&scl=1&hei=402&wid=571&qlt=100,1&resMode=sharp2&size=571,402&chrss=full",AMD,Ryzen 9 7940HS,1.6,8,32,LPDDR5,NVMe SSD,256,15.6,2560 x 1440,60,True,54,Up to 8 hours,Dedicated,AMD,RTX 3060,Waves MaxxAudio Pro,False,Dual-array microphones,"USB-C, HDMI, SD Card Reader",Wi-Fi 6,5.2,2.47,Aluminum,MIL-STD-810H certified,Ubuntu Linux,False,True,False,False
Lenovo 2737,Lenovo,$603,"https://i.dell.com/is/image/DellContent/content/dam/ss2/product-images/dell-client-products/notebooks/latitude-notebooks/latitude-15-5550-laptop/mg/notebook-latitude-15-5550-rgb-silver-gallery-20.psd?fmt=png-alpha&pscan=auto&scl=1&hei=402&wid=571&qlt=100,1&resMode=sharp2&size=571,402&chrss=full",AMD,Ryzen 5 5600H,2.9,6,16,DDR4,HDD,256,17.3,2560 x 1440,240,False,99,Up to 10 hours,Dedicated,AMD,Intel Graphics,Waves MaxxAudio Pro,True,Dual-array microphones,"USB 3.2 Type-C, HDMI, RJ-45",Wi-Fi 6E,5.2,1.0,Aluminum,MIL-STD-810H certified,Ubuntu Linux,False,False,False,True
MSI 5418,MSI,$2343,"https://i.dell.com/is/image/DellContent/content/dam/ss2/product-images/dell-client-products/notebooks/latitude-notebooks/latitude-15-5550-laptop/mg/notebook-latitude-15-5550-rgb-silver-gallery-20.psd?fmt=png-alpha&pscan=auto&scl=1&hei=402&wid=571&qlt=100,1&resMode=sharp2&size=571,402&chrss=full",AMD,Ryzen 9 7940HS,1.2,12,64,DDR4,NVMe SSD,512,15.6,2560 x 1440,120,False,70,Up to 15 hours,Integrated,Intel,Intel Graphics,B&O Tuned Speakers,True,Dual-array microphones,"USB-C, HDMI, SD Card Reader",Wi-Fi 7,5.0,1.33,Magnesium Alloy,MIL-STD-810H certified,macOS Ventura,False,True,False,True
Samsung 6774,Samsung,$1455,"https://i.dell.com/is/image/DellContent/content/dam/ss2/product-images/dell-client-products/notebooks/latitude-notebooks/latitude-15-5550-laptop/mg/notebook-latitude-15-5550-rgb-silver-gallery-20.psd?fmt=png-alpha&pscan=auto&scl=1&hei=402&wid=571&qlt=100,1&resMode=sharp2&size=571,402&chrss=full",Apple,M1,1.4,12,16,DDR5,SSD,512,15.6,2560 x 1440,60,True,54,Up to 15 hours,Dedicated,Intel,RX 6800M,B&O Tuned Speakers,False,Dual-array microphones,"USB 3.2 Type-C, HDMI, RJ-45",Wi-Fi 6E,5.1,2.45,Plastic,IP5X Dust Resistant,Windows 11 Pro,False,False,True,False
Acer 1546,Acer,$1756,"https://i.dell.com/is/image/DellContent/content/dam/ss2/product-images/dell-client-products/notebooks/latitude-notebooks/latitude-15-5550-laptop/mg/notebook-latitude-15-5550-rgb-silver-gallery-20.psd?fmt=png-alpha&pscan=auto&scl=1&hei=402&wid=571&qlt=100,1&resMode=sharp2&size=571,402&chrss=full",Apple,M1,2.7,16,64,DDR5,NVMe SSD,512,17.3,1920 x 1080,240,True,70,Up to 8 hours,Dedicated,Intel,RTX 4070,Waves MaxxAudio Pro,True,Dual-array microphones,"USB-C, HDMI, SD Card Reader",Wi-Fi 6,5.1,1.72,Magnesium Alloy,IP5X Dust Resistant,macOS Ventura,True,True,True,False
Acer 7426,Acer,$777,"https://i.dell.com/is/image/DellContent/content/dam/ss2/product-images/dell-client-products/notebooks/latitude-notebooks/latitude-15-5550-laptop/mg/notebook-latitude-15-5550-rgb-silver-gallery-20.psd?fmt=png-alpha&pscan=auto&scl=1&hei=402&wid=571&qlt=100,1&resMode=sharp2&size=571,402&chrss=full",Intel,Core Ultra 5 135U,4.1,4,8,DDR4,NVMe SSD,512,14.0,2560 x 1440,60,True,70,Up to 10 hours,Integrated,AMD,Intel Graphics,Waves MaxxAudio Pro,False,Dual-array microphones,"USB-C, HDMI, SD Card Reader",Wi-Fi 7,5.0,2.96,Aluminum,Shockproof Design,Ubuntu Linux,True,False,True,True
Asus 7967,Asus,$724,"https://i.dell.com/is/image/DellContent/content/dam/ss2/product-images/dell-client-products/notebooks/latitude-notebooks/latitude-15-5550-laptop/mg/notebook-latitude-15-5550-rgb-silver-gallery-20.psd?fmt=png-alpha&pscan=auto&scl=1&hei=402&wid=571&qlt=100,1&resMode=sharp2&size=571,402&chrss=full",Apple,M3,3.2,10,32,LPDDR5,SSD,256,16.0,2560 x 1440,165,True,70,Up to 8 hours,Dedicated,AMD,RTX 4070,Waves MaxxAudio Pro,False,Dual-array microphones,"USB 3.2 Type-A, USB 4.0, Thunderbolt 4",Wi-Fi 6E,5.0,2.85,Magnesium Alloy,MIL-STD-810H certified,Windows 11 Home,True,False,True,False
Microsoft 9357,Microsoft,$1296,"https://i.dell.com/is/image/DellContent/content/dam/ss2/product-images/dell-client-products/notebooks/latitude-notebooks/latitude-15-5550-laptop/mg/notebook-latitude-15-5550-rgb-silver-gallery-20.psd?fmt=png-alpha&pscan=auto&scl=1&hei=402&wid=571&qlt=100,1&resMode=sharp2&size=571,402&chrss=full",AMD,Ryzen 9 7940HS,1.6,10,16,DDR5,HDD,2048,14.0,1920 x 1080,144,True,54,Up to 10 hours,Dedicated,NVIDIA,Intel Graphics,Waves MaxxAudio Pro,False,Dual-array microphones,"USB 3.2 Type-C, HDMI, RJ-45",Wi-Fi 6E,5.0,2.13,Plastic,Shockproof Design,Windows 11 Pro,True,True,True,False
Acer 4706,Acer,$2696,"https://i.dell.com/is/image/DellContent/content/dam/ss2/product-images/dell-client-products/notebooks/latitude-notebooks/latitude-15-5550-laptop/mg/notebook-latitude-15-5550-rgb-silver-gallery-20.psd?fmt=png-alpha&pscan=auto&scl=1&hei=402&wid=571&qlt=100,1&resMode=sharp2&size=571,402&chrss=full",AMD,Ryzen 7 6800U,2.1,6,32,DDR4,SSD,512,16.0,2560 x 1440,144,False,40,Up to 15 hours,Integrated,Intel,RTX 3050,B&O Tuned Speakers,True,Dual-array microphones,"USB 3.2 Type-C, HDMI, RJ-45",Wi-Fi 6,5.1,1.7,Aluminum,IP5X Dust Resistant,Windows 11 Pro,False,False,False,False
Apple 4366,Apple,$2899,"https://i.dell.com/is/image/DellContent/content/dam/ss2/product-images/dell-client-products/notebooks/latitude-notebooks/latitude-15-5550-laptop/mg/notebook-latitude-15-5550-rgb-silver-gallery-20.psd?fmt=png-alpha&pscan=auto&scl=1&hei=402&wid=571&qlt=100,1&resMode=sharp2&size=571,402&chrss=full",Intel,Core Ultra 5 135U,2.4,4,8,DDR4,HDD,256,16.0,3840 x 2160,144,False,54,Up to 8 hours,Dedicated,AMD,Intel Graphics,Waves MaxxAudio Pro,True,Dual-array microphones,"USB 3.2 Type-A, USB 4.0, Thunderbolt 4",Wi-Fi 6E,5.1,2.05,Magnesium Alloy,IP5X Dust Resistant,Ubuntu Linux,True,False,False,True
Razer 5953,Razer,$1188,"https://i.dell.com/is/image/DellContent/content/dam/ss2/product-images/dell-client-products/notebooks/latitude-notebooks/latitude-15-5550-laptop/mg/notebook-latitude-15-5550-rgb-silver-gallery-20.psd?fmt=png-alpha&pscan=auto&scl=1&hei=402&wid=571&qlt=100,1&resMode=sharp2&size=571,402&chrss=full",Intel,Core i5-1135G7,4.5,6,16,DDR4,NVMe SSD,2048,16.0,3840 x 2160,144,True,54,Up to 8 hours,Dedicated,NVIDIA,RTX 3050,Stereo speakers with Dolby Audio,False,Dual-array microphones,"USB-C, HDMI, SD Card Reader",Wi-Fi 7,5.2,1.71,Magnesium Alloy,Shockproof Design,Windows 11 Home,False,False,True,True
MSI 3317,MSI,$2780,"https://i.dell.com/is/image/DellContent/content/dam/ss2/product-images/dell-client-products/notebooks/latitude-notebooks/latitude-15-5550-laptop/mg/notebook-latitude-15-5550-rgb-silver-gallery-20.psd?fmt=png-alpha&pscan=auto&scl=1&hei=402&wid=571&qlt=100,1&resMode=sharp2&size=571,402&chrss=full",Intel,Core i5-1135G7,2.1,12,32,DDR5,HDD,512,17.3,2560 x 1440,60,False,40,Up to 8 hours,Dedicated,NVIDIA,Intel Graphics,B&O Tuned Speakers,False,Dual-array microphones,"USB 3.2 Type-A, USB 4.0, Thunderbolt 4",Wi-Fi 7,5.3,2.37,Aluminum,Shockproof Design,Ubuntu Linux,True,False,False,True
Microsoft 8387,Microsoft,$2038,"https://i.dell.com/is/image/DellContent/content/dam/ss2/product-images/dell-client-products/notebooks/latitude-notebooks/latitude-15-5550-laptop/mg/notebook-latitude-15-5550-rgb-silver-gallery-20.psd?fmt=png-alpha&pscan=auto&scl=1&hei=402&wid=571&qlt=100,1&resMode=sharp2&size=571,402&chrss=full",AMD,Ryzen 9 7940HS,2.2,12,32,DDR5,NVMe SSD,1024,14.0,3840 x 2160,120,False,50,Up to 8 hours,Dedicated,Intel,Intel Graphics,Stereo speakers with Dolby Audio,False,Dual-array microphones,"USB-C, HDMI, SD Card Reader",Wi-Fi 6,5.3,2.33,Magnesium Alloy,Shockproof Design,Windows 11 Pro,False,True,True,False
Microsoft 6963,Microsoft,$798,"https://i.dell.com/is/image/DellContent/content/dam/ss2/product-images/dell-client-products/notebooks/latitude-notebooks/latitude-15-5550-laptop/mg/notebook-latitude-15-5550-rgb-silver-gallery-20.psd?fmt=png-alpha&pscan=auto&scl=1&hei=402&wid=571&qlt=100,1&resMode=sharp2&size=571,402&chrss=full",AMD,Ryzen 7 6800U,3.1,10,8,LPDDR5,HDD,512,13.3,2560 x 1440,144,False,70,Up to 12 hours,Integrated,NVIDIA,Intel Graphics,Waves MaxxAudio Pro,True,Dual-array microphones,"USB 3.2 Type-A, USB 4.0, Thunderbolt 4",Wi-Fi 6,5.1,2.93,Magnesium Alloy,IP5X Dust Resistant,Ubuntu Linux,True,False,False,True
Razer 8005,Razer,$1998,"https://i.dell.com/is/image/DellContent/content/dam/ss2/product-images/dell-client-products/notebooks/latitude-notebooks/latitude-15-5550-laptop/mg/notebook-latitude-15-5550-rgb-silver-gallery-20.psd?fmt=png-alpha&pscan=auto&scl=1&hei=402&wid=571&qlt=100,1&resMode=sharp2&size=571,402&chrss=full",Apple,M3,4.3,6,32,DDR4,SSD,2048,13.3,3840 x 2160,240,False,40,Up to 10 hours,Integrated,Intel,RTX 4070,Waves MaxxAudio Pro,False,Dual-array microphones,"USB 3.2 Type-C, HDMI, RJ-45",Wi-Fi 6E,5.2,1.59,Plastic,Shockproof Design,macOS Ventura,False,True,True,False
Asus 2676,Asus,$2145,"https://i.dell.com/is/image/DellContent/content/dam/ss2/product-images/dell-client-products/notebooks/latitude-notebooks/latitude-15-5550-laptop/mg/notebook-latitude-15-5550-rgb-silver-gallery-20.psd?fmt=png-alpha&pscan=auto&scl=1&hei=402&wid=571&qlt=100,1&resMode=sharp2&size=571,402&chrss=full",Apple,M1,2.4,8,8,LPDDR5,NVMe SSD,256,17.3,2560 x 1440,144,False,99,Up to 12 hours,Integrated,Intel,RX 6800M,Stereo speakers with Dolby Audio,True,Dual-array microphones,"USB 3.2 Type-A, USB 4.0, Thunderbolt 4",Wi-Fi 7,5.1,1.54,Aluminum,MIL-STD-810H certified,macOS Ventura,False,True,True,False
Lenovo 8026,Lenovo,$2076,"https://i.dell.com/is/image/DellContent/content/dam/ss2/product-images/dell-client-products/notebooks/latitude-notebooks/latitude-15-5550-laptop/mg/notebook-latitude-15-5550-rgb-silver-gallery-20.psd?fmt=png-alpha&pscan=auto&scl=1&hei=402&wid=571&qlt=100,1&resMode=sharp2&size=571,402&chrss=full",Apple,M1,4.2,4,64,DDR5,SSD,2048,15.6,2560 x 1440,240,True,99,Up to 15 hours,Dedicated,Intel,RTX 3060,Stereo speakers with Dolby Audio,True,Dual-array microphones,"USB 3.2 Type-C, HDMI, RJ-45",Wi-Fi 6,5.0,2.41,Magnesium Alloy,Shockproof Design,Ubuntu Linux,False,False,True,True
HP 8723,HP,$1228,"https://i.dell.com/is/image/DellContent/content/dam/ss2/product-images/dell-client-products/notebooks/latitude-notebooks/latitude-15-5550-laptop/mg/notebook-latitude-15-5550-rgb-silver-gallery-20.psd?fmt=png-alpha&pscan=auto&scl=1&hei=402&wid=571&qlt=100,1&resMode=sharp2&size=571,402&chrss=full",AMD,Ryzen 5 5600H,1.1,16,16,DDR4,NVMe SSD,256,14.0,1920 x 1080,165,False,99,Up to 12 hours,Integrated,AMD,RTX 3050,Waves MaxxAudio Pro,True,Dual-array microphones,"USB 3.2 Type-C, HDMI, RJ-45",Wi-Fi 6E,5.3,1.15,Plastic,MIL-STD-810H certified,Windows 11 Home,False,True,True,True
Acer 7169,Acer,$740,"https://i.dell.com/is/image/DellContent/content/dam/ss2/product-images/dell-client-products/notebooks/latitude-notebooks/latitude-15-5550-laptop/mg/notebook-latitude-15-5550-rgb-silver-gallery-20.psd?fmt=png-alpha&pscan=auto&scl=1&hei=402&wid=571&qlt=100,1&resMode=sharp2&size=571,402&chrss=full",AMD,Ryzen 5 5600H,4.6,10,64,LPDDR5,NVMe SSD,256,13.3,3840 x 2160,120,False,50,Up to 12 hours,Integrated,Intel,Intel Graphics,Stereo speakers with Dolby Audio,False,Dual-array microphones,"USB 3.2 Type-C, HDMI, RJ-45",Wi-Fi 6,5.0,2.6,Magnesium Alloy,IP5X Dust Resistant,Windows 11 Home,False,True,True,False
Apple 4922,Apple,$940,"https://i.dell.com/is/image/DellContent/content/dam/ss2/product-images/dell-client-products/notebooks/latitude-notebooks/latitude-15-5550-laptop/mg/notebook-latitude-15-5550-rgb-silver-gallery-20.psd?fmt=png-alpha&pscan=auto&scl=1&hei=402&wid=571&qlt=100,1&resMode=sharp2&size=571,402&chrss=full",AMD,Ryzen 9 7940HS,3.3,16,32,DDR5,HDD,2048,17.3,3840 x 2160,60,False,54,Up to 15 hours,Dedicated,NVIDIA,RTX 4070,Stereo speakers with Dolby Audio,False,Dual-array microphones,"USB 3.2 Type-A, USB 4.0, Thunderbolt 4",Wi-Fi 7,5.2,1.06,Magnesium Alloy,Shockproof Design,macOS Ventura,True,True,False,False
Samsung 5081,Samsung,$699,"https://i.dell.com/is/image/DellContent/content/dam/ss2/product-images/dell-client-products/notebooks/latitude-notebooks/latitude-15-5550-laptop/mg/notebook-latitude-15-5550-rgb-silver-gallery-20.psd?fmt=png-alpha&pscan=auto&scl=1&hei=402&wid=571&qlt=100,1&resMode=sharp2&size=571,402&chrss=full",AMD,Ryzen 9 7940HS,1.3,4,16,DDR4,SSD,256,16.0,2560 x 1440,60,True,50,Up to 8 hours,Dedicated,NVIDIA,RTX 3060,B&O Tuned Speakers,False,Dual-array microphones,"USB 3.2 Type-A, USB 4.0, Thunderbolt 4",Wi-Fi 6E,5.2,1.57,Plastic,MIL-STD-810H certified,Windows 11 Pro,False,False,True,False
Acer 4261,Acer,$1465,"https://i.dell.com/is/image/DellContent/content/dam/ss2/product-images/dell-client-products/notebooks/latitude-notebooks/latitude-15-5550-laptop/mg/notebook-latitude-15-5550-rgb-silver-gallery-20.psd?fmt=png-alpha&pscan=auto&scl=1&hei=402&wid=571&qlt=100,1&resMode=sharp2&size=571,402&chrss=full",Intel,Core i9-13980HX,1.4,12,8,DDR5,HDD,512,15.6,3840 x 2160,165,False,40,Up to 10 hours,Dedicated,Intel,RTX 4070,Waves MaxxAudio Pro,True,Dual-array microphones,"USB 3.2 Type-A, USB 4.0, Thunderbolt 4",Wi-Fi 6,5.0,1.19,Aluminum,Shockproof Design,Windows 11 Pro,True,False,False,False
Lenovo 7580,Lenovo,$511,"https://i.dell.com/is/image/DellContent/content/dam/ss2/product-images/dell-client-products/notebooks/latitude-notebooks/latitude-15-5550-laptop/mg/notebook-latitude-15-5550-rgb-silver-gallery-20.psd?fmt=png-alpha&pscan=auto&scl=1&hei=402&wid=571&qlt=100,1&resMode=sharp2&size=571,402&chrss=full",Intel,Core i9-13980HX,3.8,4,16,DDR5,HDD,1024,15.6,1920 x 1080,240,False,50,Up to 8 hours,Dedicated,Intel,RTX 3060,Stereo speakers with Dolby Audio,False,Dual-array microphones,"USB 3.2 Type-C, HDMI, RJ-45",Wi-Fi 7,5.3,2.62,Magnesium Alloy,MIL-STD-810H certified,Windows 11 Pro,True,False,True,False
Dell 3290,Dell,$1067,"https://i.dell.com/is/image/DellContent/content/dam/ss2/product-images/dell-client-products/notebooks/latitude-notebooks/latitude-15-5550-laptop/mg/notebook-latitude-15-5550-rgb-silver-gallery-20.psd?fmt=png-alpha&pscan=auto&scl=1&hei=402&wid=571&qlt=100,1&resMode=sharp2&size=571,402&chrss=full",AMD,Ryzen 7 6800U,3.2,12,8,LPDDR5,HDD,512,15.6,2560 x 1440,144,False,70,Up to 15 hours,Integrated,NVIDIA,Intel Graphics,Waves MaxxAudio Pro,False,Dual-array microphones,"USB 3.2 Type-C, HDMI, RJ-45",Wi-Fi 7,5.0,2.41,Aluminum,Shockproof Design,Windows 11 Pro,False,False,True,True
Acer 2022,Acer,$2068,"https://i.dell.com/is/image/DellContent/content/dam/ss2/product-images/dell-client-products/notebooks/latitude-notebooks/latitude-15-5550-laptop/mg/notebook-latitude-15-5550-rgb-silver-gallery-20.psd?fmt=png-alpha&pscan=auto&scl=1&hei=402&wid=571&qlt=100,1&resMode=sharp2&size=571,402&chrss=full",AMD,Ryzen 9 7940HS,3.1,8,16,DDR4,SSD,2048,17.3,2560 x 1440,240,True,70,Up to 10 hours,Integrated,AMD,RTX 4070,B&O Tuned Speakers,True,Dual-array microphones,"USB-C, HDMI, SD Card Reader",Wi-Fi 6,5.3,1.51,Magnesium Alloy,Shockproof Design,Windows 11 Pro,True,True,True,True
Dell 2650,Dell,$2177,"https://i.dell.com/is/image/DellContent/content/dam/ss2/product-images/dell-client-products/notebooks/latitude-notebooks/latitude-15-5550-laptop/mg/notebook-latitude-15-5550-rgb-silver-gallery-20.psd?fmt=png-alpha&pscan=auto&scl=1&hei=402&wid=571&qlt=100,1&resMode=sharp2&size=571,402&chrss=full",Apple,M2,2.9,8,16,LPDDR5,HDD,512,14.0,2560 x 1440,144,True,40,Up to 12 hours,Integrated,Intel,RTX 3060,Waves MaxxAudio Pro,False,Dual-array microphones,"USB 3.2 Type-C, HDMI, RJ-45",Wi-Fi 7,5.3,1.14,Plastic,MIL-STD-810H certified,Windows 11 Home,True,True,True,False
Microsoft 4073,Microsoft,$1470,"https://i.dell.com/is/image/DellContent/content/dam/ss2/product-images/dell-client-products/notebooks/latitude-notebooks/latitude-15-5550-laptop/mg/notebook-latitude-15-5550-rgb-silver-gallery-20.psd?fmt=png-alpha&pscan=auto&scl=1&hei=402&wid=571&qlt=100,1&resMode=sharp2&size=571,402&chrss=full",Intel,Core i5-1135G7,1.6,4,8,DDR4,NVMe SSD,2048,14.0,1920 x 1080,165,False,70,Up to 10 hours,Integrated,Intel,RTX 3060,Waves MaxxAudio Pro,True,Dual-array microphones,"USB 3.2 Type-A, USB 4.0, Thunderbolt 4",Wi-Fi 6,5.0,1.67,Magnesium Alloy,Shockproof Design,Windows 11 Home,False,True,False,True
Microsoft 5353,Microsoft,$1652,"https://i.dell.com/is/image/DellContent/content/dam/ss2/product-images/dell-client-products/notebooks/latitude-notebooks/latitude-15-5550-laptop/mg/notebook-latitude-15-5550-rgb-silver-gallery-20.psd?fmt=png-alpha&pscan=auto&scl=1&hei=402&wid=571&qlt=100,1&resMode=sharp2&size=571,402&chrss=full",Apple,M2,4.8,4,32,DDR4,NVMe SSD,512,16.0,3840 x 2160,165,True,40,Up to 8 hours,Dedicated,NVIDIA,RTX 3060,Stereo speakers with Dolby Audio,True,Dual-array microphones,"USB-C, HDMI, SD Card Reader",Wi-Fi 6,5.0,1.02,Magnesium Alloy,IP5X Dust Resistant,Ubuntu Linux,False,False,False,False
Lenovo 9570,Lenovo,$2378,"https://i.dell.com/is/image/DellContent/content/dam/ss2/product-images/dell-client-products/notebooks/latitude-notebooks/latitude-15-5550-laptop/mg/notebook-latitude-15-5550-rgb-silver-gallery-20.psd?fmt=png-alpha&pscan=auto&scl=1&hei=402&wid=571&qlt=100,1&resMode=sharp2&size=571,402&chrss=full",AMD,Ryzen 9 7940HS,4.1,6,32,LPDDR5,SSD,512,13.3,1920 x 1080,240,True,50,Up to 10 hours,Dedicated,NVIDIA,Intel Graphics,Waves MaxxAudio Pro,True,Dual-array microphones,"USB-C, HDMI, SD Card Reader",Wi-Fi 6,5.1,2.5,Magnesium Alloy,Shockproof Design,Ubuntu Linux,True,True,True,False
Lenovo 3400,Lenovo,$2602,"https://i.dell.com/is/image/DellContent/content/dam/ss2/product-images/dell-client-products/notebooks/latitude-notebooks/latitude-15-5550-laptop/mg/notebook-latitude-15-5550-rgb-silver-gallery-20.psd?fmt=png-alpha&pscan=auto&scl=1&hei=402&wid=571&qlt=100,1&resMode=sharp2&size=571,402&chrss=full",Intel,Core Ultra 5 135U,1.5,10,64,DDR5,SSD,256,15.6,2560 x 1440,120,False,40,Up to 10 hours,Integrated,AMD,Intel Graphics,Waves MaxxAudio Pro,False,Dual-array microphones,"USB 3.2 Type-C, HDMI, RJ-45",Wi-Fi 6E,5.1,2.53,Plastic,IP5X Dust Resistant,Windows 11 Home,False,True,False,False
MSI 7067,MSI,$1087,"https://i.dell.com/is/image/DellContent/content/dam/ss2/product-images/dell-client-products/notebooks/latitude-notebooks/latitude-15-5550-laptop/mg/notebook-latitude-15-5550-rgb-silver-gallery-20.psd?fmt=png-alpha&pscan=auto&scl=1&hei=402&wid=571&qlt=100,1&resMode=sharp2&size=571,402&chrss=full",AMD,Ryzen 9 7940HS,2.9,16,16,DDR5,SSD,1024,17.3,1920 x 1080,240,True,70,Up to 8 hours,Integrated,Intel,RTX 3060,Waves MaxxAudio Pro,True,Dual-array microphones,"USB 3.2 Type-A, USB 4.0, Thunderbolt 4",Wi-Fi 7,5.3,2.46,Plastic,MIL-STD-810H certified,Windows 11 Pro,False,False,True,False
Dell 4917,Dell,$2586,"https://i.dell.com/is/image/DellContent/content/dam/ss2/product-images/dell-client-products/notebooks/latitude-notebooks/latitude-15-5550-laptop/mg/notebook-latitude-15-5550-rgb-silver-gallery-20.psd?fmt=png-alpha&pscan=auto&scl=1&hei=402&wid=571&qlt=100,1&resMode=sharp2&size=571,402&chrss=full",AMD,Ryzen 5 5600H,4.6,8,64,DDR4,SSD,2048,17.3,1920 x 1080,165,False,99,Up to 10 hours,Integrated,Intel,RTX 4070,B&O Tuned Speakers,False,Dual-array microphones,"USB 3.2 Type-A, USB 4.0, Thunderbolt 4",Wi-Fi 7,5.3,1.38,Magnesium Alloy,MIL-STD-810H certified,Windows 11 Home,True,False,True,True
Microsoft 2280,Microsoft,$1407,"https://i.dell.com/is/image/DellContent/content/dam/ss2/product-images/dell-client-products/notebooks/latitude-notebooks/latitude-15-5550-laptop/mg/notebook-latitude-15-5550-rgb-silver-gallery-20.psd?fmt=png-alpha&pscan=auto&scl=1&hei=402&wid=571&qlt=100,1&resMode=sharp2&size=571,402&chrss=full",AMD,Ryzen 7 6800U,1.2,12,8,LPDDR5,SSD,1024,14.0,3840 x 2160,60,True,99,Up to 15 hours,Integrated,NVIDIA,RX 6800M,Stereo speakers with Dolby Audio,False,Dual-array microphones,"USB-C, HDMI, SD Card Reader",Wi-Fi 7,5.0,2.24,Plastic,MIL-STD-810H certified,Windows 11 Home,False,True,False,True
Samsung 4768,Samsung,$611,"https://i.dell.com/is/image/DellContent/content/dam/ss2/product-images/dell-client-products/notebooks/latitude-notebooks/latitude-15-5550-laptop/mg/notebook-latitude-15-5550-rgb-silver-gallery-20.psd?fmt=png-alpha&pscan=auto&scl=1&hei=402&wid=571&qlt=100,1&resMode=sharp2&size=571,402&chrss=full",AMD,Ryzen 7 6800U,3.4,4,64,DDR5,SSD,256,14.0,1920 x 1080,120,True,40,Up to 8 hours,Dedicated,NVIDIA,RX 6800M,B&O Tuned Speakers,False,Dual-array microphones,"USB 3.2 Type-C, HDMI, RJ-45",Wi-Fi 7,5.3,1.48,Plastic,Shockproof Design,Windows 11 Pro,False,True,True,False
MSI 8355,MSI,$1773,"https://i.dell.com/is/image/DellContent/content/dam/ss2/product-images/dell-client-products/notebooks/latitude-notebooks/latitude-15-5550-laptop/mg/notebook-latitude-15-5550-rgb-silver-gallery-20.psd?fmt=png-alpha&pscan=auto&scl=1&hei=402&wid=571&qlt=100,1&resMode=sharp2&size=571,402&chrss=full",Intel,Core i9-13980HX,4.4,10,64,DDR4,NVMe SSD,2048,17.3,1920 x 1080,60,True,70,Up to 8 hours,Dedicated,NVIDIA,RTX 3050,B&O Tuned Speakers,False,Dual-array microphones,"USB 3.2 Type-C, HDMI, RJ-45",Wi-Fi 6,5.0,2.04,Plastic,Shockproof Design,Windows 11 Home,True,False,True,True
MSI 9801,MSI,$2854,"https://i.dell.com/is/image/DellContent/content/dam/ss2/product-images/dell-client-products/notebooks/latitude-notebooks/latitude-15-5550-laptop/mg/notebook-latitude-15-5550-rgb-silver-gallery-20.psd?fmt=png-alpha&pscan=auto&scl=1&hei=402&wid=571&qlt=100,1&resMode=sharp2&size=571,402&chrss=full",AMD,Ryzen 5 5600H,1.5,16,64,DDR4,SSD,512,16.0,1920 x 1080,240,True,99,Up to 15 hours,Dedicated,NVIDIA,RTX 3060,Stereo speakers with Dolby Audio,True,Dual-array microphones,"USB-C, HDMI, SD Card Reader",Wi-Fi 6,5.3,1.68,Magnesium Alloy,IP5X Dust Resistant,Windows 11 Home,False,True,True,False
