Id,Model,Brand,Price,ImageURL,ProcessorBrand,ProcessorModel,ProcessorSpeedGHz,ProcessorCores,MemorySizeGB,MemoryType,StorageType,StorageCapacityGB,DisplaySizeInches,DisplayResolution,DisplayRefreshRateHz,DisplayIsTouchscreen,BatteryCapacityWh,BatteryEstimatedUsageTime,GraphicsType,GraphicsBrand,GraphicsModel,AudioSpeakerDescription,AudioHasHeadphoneJack,AudioMicrophoneQuality,ConnectivityPorts,ConnectivityWifiStandard,ConnectivityBluetoothVersion,BuildQualityWeightKg,BuildQualityMaterial,BuildQualityDurabilityRating,OperatingSystem,SpecialFeaturesBacklitKeyboard,SpecialFeaturesFingerprintReader,SpecialFeaturesFacialRecognition,SpecialFeaturesIsConvertible
1,MacBook Pro 16,Apple,1175,https://store.storeimages.cdn-apple.com/4982/as-images.apple.com/is/mbp16-spacegray-gallery1-202301?wid=1000&hei=1000&fmt=jpeg&qlt=95&.v=1671304673229,Intel,Apple M2,3.7,4,16,DDR4,HDD,512,15.6,3840 x 2160,120,TRUE,79,Up to 8 hours,Dedicated,NVIDIA,AMD Radeon RX 6600M,Stereo speakers,FALSE,Studio quality,"2 x USB-C, 1 x HDMI",Wi-Fi 6E,5.1,1.27,Aluminum,Standard,Windows 11,TRUE,TRUE,FALSE,FALSE
2,ThinkPad X1 Carbon,Lenovo,2104,https://www.lenovo.com/medias/thinkpad-x1-carbon-gen-9-gallery-1.png,Intel,Intel Core i7-1165G7,3.7,10,8,DDR5,HDD,512,16,1920 x 1080,60,TRUE,49,Up to 9 hours,Integrated,NVIDIA,Intel Iris Xe,B&O speakers,FALSE,Dual-array microphones,"3 x USB-A, 1 x Thunderbolt 4",Wi-Fi 6E,5.3,1.1,Plastic,Standard,Linux,TRUE,FALSE,TRUE,FALSE
3,Latitude 5550,Dell,2602,"https://i.dell.com/is/image/DellContent/content/dam/ss2/product-images/dell-client-products/notebooks/latitude-notebooks/latitude-15-5550-laptop/mg/notebook-latitude-15-5550-rgb-silver-gallery-20.psd?fmt=png-alpha&pscan=auto&scl=1&hei=402&wid=571&qlt=100,1&resMode=sharp2&size=571,402&chrss=full",Intel,AMD Ryzen 7 7735U,2,12,32,DDR4,SSD,512,13.3,2560 x 1600,120,TRUE,69,Up to 7 hours,Integrated,NVIDIA,AMD Radeon RX 6600M,Dolby Atmos,TRUE,Studio quality,"3 x USB-A, 1 x Thunderbolt 4",Wi-Fi 6,5,2.09,Plastic,MIL-STD-810H certified,Linux,TRUE,FALSE,TRUE,TRUE
4,MacBook Air M2,Apple,1584,https://store.storeimages.cdn-apple.com/4982/as-images.apple.com/is/macbook-air-midnight-config-20220606?wid=1000&hei=1000&fmt=jpeg&qlt=95&.v=1654122930000,Intel,Apple M2,3.4,6,32,DDR4,HDD,1024,15.6,2560 x 1600,144,TRUE,99,Up to 15 hours,Dedicated,NVIDIA,Intel Iris Xe,Stereo speakers,FALSE,Dual-array microphones,"2 x USB-C, 1 x HDMI",Wi-Fi 6,5.2,1.06,Magnesium Alloy,Standard,Linux,FALSE,FALSE,FALSE,FALSE
5,EliteBook 840,HP,2448,https://ssl-product-images.www8-hp.com/digmedialib/prodimg/lowres/c07912032.png,AMD,AMD Ryzen 5 5500U,1.1,12,32,DDR5,HDD,1024,16,2560 x 1600,144,TRUE,85,Up to 6 hours,Integrated,NVIDIA,AMD Radeon RX 6600M,Dolby Atmos,TRUE,Studio quality,"3 x USB-A, 1 x Thunderbolt 4",Wi-Fi 6,5.1,1.67,Plastic,MIL-STD-810H certified,Windows 11,TRUE,FALSE,FALSE,TRUE
6,XPS 13,Dell,2840,https://i.dell.com/is/image/DellContent/content/dam/ss2/product-images/dell-client-products/notebooks/xps-notebooks/xps-13-9320-laptop/mg/notebook-xps-13-9320-rgb-silver-gallery-1.psd?fmt=png-alpha&pscan=auto&scl=1&hei=402&wid=571&qlt=100,Intel,AMD Ryzen 5 7530U,2.4,4,8,DDR5,HDD,1024,13.3,2560 x 1600,144,TRUE,66,Up to 8 hours,Integrated,Intel,AMD Radeon RX 6600M,B&O speakers,FALSE,Dual-array microphones,"3 x USB-A, 1 x Thunderbolt 4",Wi-Fi 6E,5,1.12,Aluminum,Standard,Windows 11,FALSE,TRUE,FALSE,FALSE
7,Yoga 9i,Lenovo,1138,https://www.lenovo.com/medias/lenovo-laptop-yoga-9i-hero.png,Intel,Intel Core i7-1165G7,3.2,12,32,DDR5,HDD,1024,14,3840 x 2160,60,TRUE,93,Up to 9 hours,Integrated,AMD,NVIDIA RTX 3060,B&O speakers,FALSE,Dual-array microphones,"3 x USB-A, 1 x Thunderbolt 4",Wi-Fi 6E,5,1.95,Plastic,MIL-STD-810H certified,Windows 11,TRUE,FALSE,FALSE,FALSE
8,MacBook Air M2,Apple,967,https://store.storeimages.cdn-apple.com/4982/as-images.apple.com/is/macbook-air-midnight-config-20220606?wid=1000&hei=1000&fmt=jpeg&qlt=95&.v=1654122930000,Intel,Apple M3,3.6,6,32,DDR4,HDD,256,13.3,3840 x 2160,144,TRUE,95,Up to 13 hours,Integrated,NVIDIA,Intel Iris Xe,Stereo speakers,FALSE,Studio quality,"3 x USB-A, 1 x Thunderbolt 4",Wi-Fi 6E,5,2.09,Aluminum,MIL-STD-810H certified,macOS Ventura,TRUE,TRUE,TRUE,FALSE
9,XPS 13,Dell,1411,https://i.dell.com/is/image/DellContent/content/dam/ss2/product-images/dell-client-products/notebooks/xps-notebooks/xps-13-9320-laptop/mg/notebook-xps-13-9320-rgb-silver-gallery-1.psd?fmt=png-alpha&pscan=auto&scl=1&hei=402&wid=571&qlt=100,Intel,AMD Ryzen 7 7735U,1.2,12,32,DDR5,HDD,256,16,1920 x 1080,60,TRUE,92,Up to 8 hours,Dedicated,NVIDIA,NVIDIA RTX 3060,Stereo speakers,FALSE,Dual-array microphones,"2 x USB-C, 1 x HDMI",Wi-Fi 6,5,1.2,Plastic,MIL-STD-810H certified,macOS Ventura,FALSE,FALSE,FALSE,TRUE
10,Latitude 5550,Dell,2015,"https://i.dell.com/is/image/DellContent/content/dam/ss2/product-images/dell-client-products/notebooks/latitude-notebooks/latitude-15-5550-laptop/mg/notebook-latitude-15-5550-rgb-silver-gallery-20.psd?fmt=png-alpha&pscan=auto&scl=1&hei=402&wid=571&qlt=100,1&resMode=sharp2&size=571,402&chrss=full",AMD,AMD Ryzen 7 7735U,3.7,12,16,DDR4,HDD,512,14,2560 x 1600,120,FALSE,99,Up to 15 hours,Integrated,Intel,AMD Radeon RX 6600M,Stereo speakers,TRUE,Studio quality,"2 x USB-C, 1 x HDMI",Wi-Fi 5,5,2.12,Aluminum,Standard,macOS Ventura,TRUE,FALSE,FALSE,TRUE
11,Latitude 5550,Dell,2599,"https://i.dell.com/is/image/DellContent/content/dam/ss2/product-images/dell-client-products/notebooks/latitude-notebooks/latitude-15-5550-laptop/mg/notebook-latitude-15-5550-rgb-silver-gallery-20.psd?fmt=png-alpha&pscan=auto&scl=1&hei=402&wid=571&qlt=100,1&resMode=sharp2&size=571,402&chrss=full",Intel,AMD Ryzen 7 7735U,1.1,12,16,DDR5,HDD,512,13.3,1920 x 1080,60,TRUE,66,Up to 5 hours,Integrated,AMD,Intel Iris Xe,Dolby Atmos,FALSE,Studio quality,"2 x USB-C, 1 x HDMI",Wi-Fi 6E,5.2,1.9,Magnesium Alloy,Standard,Linux,FALSE,FALSE,FALSE,FALSE
12,Yoga 9i,Lenovo,2479,https://www.lenovo.com/medias/lenovo-laptop-yoga-9i-hero.png,AMD,AMD Ryzen 7 5800H,4.1,10,32,DDR4,HDD,512,15.6,2560 x 1600,60,FALSE,83,Up to 6 hours,Dedicated,AMD,NVIDIA RTX 3060,B&O speakers,FALSE,Dual-array microphones,"3 x USB-A, 1 x Thunderbolt 4",Wi-Fi 5,5,1.32,Aluminum,MIL-STD-810H certified,Linux,TRUE,FALSE,FALSE,TRUE
13,XPS 13,Dell,2796,https://i.dell.com/is/image/DellContent/content/dam/ss2/product-images/dell-client-products/notebooks/xps-notebooks/xps-13-9320-laptop/mg/notebook-xps-13-9320-rgb-silver-gallery-1.psd?fmt=png-alpha&pscan=auto&scl=1&hei=402&wid=571&qlt=100,AMD,Intel Core i5-1235U,1,8,16,DDR5,HDD,1024,14,1920 x 1080,120,FALSE,55,Up to 5 hours,Integrated,NVIDIA,Intel Iris Xe,Stereo speakers,FALSE,Studio quality,"2 x USB-C, 1 x HDMI",Wi-Fi 5,5.2,2.43,Magnesium Alloy,Standard,macOS Ventura,FALSE,TRUE,TRUE,FALSE
14,Latitude 5550,Dell,1805,"https://i.dell.com/is/image/DellContent/content/dam/ss2/product-images/dell-client-products/notebooks/latitude-notebooks/latitude-15-5550-laptop/mg/notebook-latitude-15-5550-rgb-silver-gallery-20.psd?fmt=png-alpha&pscan=auto&scl=1&hei=402&wid=571&qlt=100,1&resMode=sharp2&size=571,402&chrss=full",Intel,Intel Core i7-1255U,1.7,10,16,DDR5,SSD,256,13.3,1920 x 1080,60,FALSE,81,Up to 14 hours,Integrated,AMD,AMD Radeon RX 6600M,B&O speakers,FALSE,Studio quality,"2 x USB-C, 1 x HDMI",Wi-Fi 6,5.3,1.07,Magnesium Alloy,Standard,Linux,FALSE,FALSE,FALSE,TRUE
15,XPS 13,Dell,1834,https://i.dell.com/is/image/DellContent/content/dam/ss2/product-images/dell-client-products/notebooks/xps-notebooks/xps-13-9320-laptop/mg/notebook-xps-13-9320-rgb-silver-gallery-1.psd?fmt=png-alpha&pscan=auto&scl=1&hei=402&wid=571&qlt=100,Intel,AMD Ryzen 5 7530U,4.1,12,32,DDR5,HDD,1024,15.6,1920 x 1080,60,FALSE,72,Up to 7 hours,Dedicated,NVIDIA,Intel Iris Xe,B&O speakers,FALSE,Studio quality,"3 x USB-A, 1 x Thunderbolt 4",Wi-Fi 5,5,2.42,Magnesium Alloy,Standard,Linux,TRUE,TRUE,TRUE,TRUE
16,ThinkPad X1 Carbon,Lenovo,2200,https://www.lenovo.com/medias/thinkpad-x1-carbon-gen-9-gallery-1.png,Intel,AMD Ryzen 5 5600H,1.9,12,32,DDR5,SSD,1024,15.6,3840 x 2160,120,TRUE,70,Up to 9 hours,Integrated,Intel,NVIDIA RTX 3060,B&O speakers,TRUE,Dual-array microphones,"2 x USB-C, 1 x HDMI",Wi-Fi 6E,5.2,2.07,Magnesium Alloy,MIL-STD-810H certified,macOS Ventura,FALSE,FALSE,TRUE,FALSE
17,MacBook Pro 16,Apple,2239,https://store.storeimages.cdn-apple.com/4982/as-images.apple.com/is/mbp16-spacegray-gallery1-202301?wid=1000&hei=1000&fmt=jpeg&qlt=95&.v=1671304673229,AMD,Apple M2,2.6,8,32,DDR5,HDD,1024,16,3840 x 2160,120,FALSE,99,Up to 15 hours,Integrated,Intel,Intel Iris Xe,Stereo speakers,FALSE,Studio quality,"3 x USB-A, 1 x Thunderbolt 4",Wi-Fi 6,5,2.37,Magnesium Alloy,MIL-STD-810H certified,Linux,TRUE,TRUE,FALSE,FALSE
18,XPS 13,Dell,2162,https://i.dell.com/is/image/DellContent/content/dam/ss2/product-images/dell-client-products/notebooks/xps-notebooks/xps-13-9320-laptop/mg/notebook-xps-13-9320-rgb-silver-gallery-1.psd?fmt=png-alpha&pscan=auto&scl=1&hei=402&wid=571&qlt=100,AMD,Intel Core i7-1255U,2.6,12,8,DDR4,SSD,256,14,3840 x 2160,144,FALSE,49,Up to 14 hours,Integrated,NVIDIA,Intel Iris Xe,Stereo speakers,FALSE,Studio quality,"2 x USB-C, 1 x HDMI",Wi-Fi 6E,5,1.36,Magnesium Alloy,MIL-STD-810H certified,macOS Ventura,TRUE,FALSE,FALSE,FALSE
19,ZenBook 14,Asus,762,https://dlcdnwebimgs.asus.com/gain/4D8A73DE-0C2B-4D7E-8D91-8B1AB3E219FC,AMD,AMD Ryzen 5 6600H,2.6,10,16,DDR5,HDD,512,16,1920 x 1080,120,TRUE,72,Up to 6 hours,Integrated,NVIDIA,Intel Iris Xe,B&O speakers,FALSE,Dual-array microphones,"2 x USB-C, 1 x HDMI",Wi-Fi 6E,5,1.28,Magnesium Alloy,Standard,macOS Ventura,TRUE,TRUE,TRUE,FALSE
20,MacBook Air M2,Apple,2178,https://store.storeimages.cdn-apple.com/4982/as-images.apple.com/is/macbook-air-midnight-config-20220606?wid=1000&hei=1000&fmt=jpeg&qlt=95&.v=1654122930000,AMD,Apple M2,3,12,8,DDR5,SSD,512,16,1920 x 1080,144,TRUE,88,Up to 12 hours,Integrated,Intel,Intel Iris Xe,B&O speakers,TRUE,Studio quality,"2 x USB-C, 1 x HDMI",Wi-Fi 6E,5.3,1.36,Aluminum,MIL-STD-810H certified,Windows 11,TRUE,FALSE,FALSE,TRUE
21,Latitude 5550,Dell,1359,"https://i.dell.com/is/image/DellContent/content/dam/ss2/product-images/dell-client-products/notebooks/latitude-notebooks/latitude-15-5550-laptop/mg/notebook-latitude-15-5550-rgb-silver-gallery-20.psd?fmt=png-alpha&pscan=auto&scl=1&hei=402&wid=571&qlt=100,1&resMode=sharp2&size=571,402&chrss=full",Intel,AMD Ryzen 7 7735U,2.6,4,8,DDR5,HDD,256,16,1920 x 1080,144,FALSE,59,Up to 6 hours,Integrated,NVIDIA,AMD Radeon RX 6600M,B&O speakers,FALSE,Studio quality,"3 x USB-A, 1 x Thunderbolt 4",Wi-Fi 5,5.2,1.86,Plastic,MIL-STD-810H certified,Windows 11,TRUE,TRUE,FALSE,TRUE
22,ROG Strix G16,Asus,2874,https://dlcdnwebimgs.asus.com/gain/AE3BAF3B-84E9-44A7-AC9D-B76E0B9F13A4,AMD,Intel Core i5-1240P,3,6,16,DDR5,HDD,512,16,3840 x 2160,60,TRUE,79,Up to 13 hours,Dedicated,AMD,Intel Iris Xe,Dolby Atmos,TRUE,Studio quality,"3 x USB-A, 1 x Thunderbolt 4",Wi-Fi 6,5.1,1.53,Magnesium Alloy,Standard,Windows 11,TRUE,FALSE,TRUE,FALSE
23,EliteBook 840,HP,2917,https://ssl-product-images.www8-hp.com/digmedialib/prodimg/lowres/c07912032.png,AMD,AMD Ryzen 5 5500U,2.2,12,16,DDR5,SSD,1024,16,1920 x 1080,60,FALSE,80,Up to 11 hours,Dedicated,Intel,NVIDIA RTX 3060,Dolby Atmos,TRUE,Studio quality,"3 x USB-A, 1 x Thunderbolt 4",Wi-Fi 6,5.1,1.56,Aluminum,Standard,Linux,TRUE,TRUE,FALSE,TRUE
24,ThinkPad X1 Carbon,Lenovo,1584,https://www.lenovo.com/medias/thinkpad-x1-carbon-gen-9-gallery-1.png,AMD,AMD Ryzen 7 5800H,3.6,12,32,DDR4,HDD,256,15.6,1920 x 1080,120,TRUE,68,Up to 9 hours,Dedicated,NVIDIA,NVIDIA RTX 3060,B&O speakers,FALSE,Studio quality,"2 x USB-C, 1 x HDMI",Wi-Fi 5,5.1,2.3,Aluminum,MIL-STD-810H certified,Windows 11,TRUE,FALSE,TRUE,TRUE
25,ROG Strix G16,Asus,2520,https://dlcdnwebimgs.asus.com/gain/AE3BAF3B-84E9-44A7-AC9D-B76E0B9F13A4,AMD,AMD Ryzen 5 6600H,2.7,6,32,DDR4,HDD,1024,15.6,2560 x 1600,60,TRUE,82,Up to 5 hours,Dedicated,NVIDIA,AMD Radeon RX 6600M,Stereo speakers,TRUE,Dual-array microphones,"3 x USB-A, 1 x Thunderbolt 4",Wi-Fi 6E,5,1.68,Magnesium Alloy,MIL-STD-810H certified,Linux,FALSE,FALSE,FALSE,TRUE
26,EliteBook 840,HP,2658,https://ssl-product-images.www8-hp.com/digmedialib/prodimg/lowres/c07912032.png,Intel,Intel Core i7-13700H,1.4,6,16,DDR4,HDD,512,15.6,2560 x 1600,144,TRUE,47,Up to 8 hours,Integrated,AMD,NVIDIA RTX 3060,Stereo speakers,FALSE,Dual-array microphones,"3 x USB-A, 1 x Thunderbolt 4",Wi-Fi 5,5.1,1.43,Aluminum,MIL-STD-810H certified,Linux,FALSE,FALSE,FALSE,TRUE
27,XPS 13,Dell,997,https://i.dell.com/is/image/DellContent/content/dam/ss2/product-images/dell-client-products/notebooks/xps-notebooks/xps-13-9320-laptop/mg/notebook-xps-13-9320-rgb-silver-gallery-1.psd?fmt=png-alpha&pscan=auto&scl=1&hei=402&wid=571&qlt=100,AMD,AMD Ryzen 5 7530U,1.3,12,16,DDR4,SSD,512,16,2560 x 1600,144,TRUE,96,Up to 10 hours,Dedicated,Intel,AMD Radeon RX 6600M,Dolby Atmos,FALSE,Studio quality,"3 x USB-A, 1 x Thunderbolt 4",Wi-Fi 5,5.1,1.26,Plastic,Standard,macOS Ventura,TRUE,TRUE,FALSE,FALSE
28,XPS 13,Dell,666,https://i.dell.com/is/image/DellContent/content/dam/ss2/product-images/dell-client-products/notebooks/xps-notebooks/xps-13-9320-laptop/mg/notebook-xps-13-9320-rgb-silver-gallery-1.psd?fmt=png-alpha&pscan=auto&scl=1&hei=402&wid=571&qlt=100,Intel,Intel Core i5-1235U,4.3,8,8,DDR5,SSD,256,13.3,3840 x 2160,120,FALSE,87,Up to 10 hours,Integrated,AMD,Intel Iris Xe,B&O speakers,FALSE,Studio quality,"2 x USB-C, 1 x HDMI",Wi-Fi 5,5,2.16,Plastic,Standard,macOS Ventura,FALSE,TRUE,TRUE,TRUE
29,XPS 13,Dell,2790,https://i.dell.com/is/image/DellContent/content/dam/ss2/product-images/dell-client-products/notebooks/xps-notebooks/xps-13-9320-laptop/mg/notebook-xps-13-9320-rgb-silver-gallery-1.psd?fmt=png-alpha&pscan=auto&scl=1&hei=402&wid=571&qlt=100,Intel,AMD Ryzen 5 7530U,1.3,4,16,DDR5,SSD,1024,15.6,1920 x 1080,120,FALSE,70,Up to 13 hours,Integrated,NVIDIA,Intel Iris Xe,Stereo speakers,FALSE,Dual-array microphones,"2 x USB-C, 1 x HDMI",Wi-Fi 5,5.2,1.76,Aluminum,Standard,macOS Ventura,FALSE,FALSE,FALSE,TRUE
30,Spectre x360,HP,1370,https://ssl-product-images.www8-hp.com/digmedialib/prodimg/lowres/c08123309.png,Intel,AMD Ryzen 7 6800U,1.3,8,16,DDR4,SSD,1024,15.6,2560 x 1600,120,FALSE,99,Up to 10 hours,Integrated,AMD,Intel Iris Xe,Dolby Atmos,FALSE,Studio quality,"2 x USB-C, 1 x HDMI",Wi-Fi 6E,5,2.42,Magnesium Alloy,Standard,Linux,FALSE,FALSE,TRUE,FALSE
31,MacBook Air M2,Apple,1075,https://store.storeimages.cdn-apple.com/4982/as-images.apple.com/is/macbook-air-midnight-config-20220606?wid=1000&hei=1000&fmt=jpeg&qlt=95&.v=1654122930000,Intel,Apple M2,1.7,4,8,DDR5,SSD,1024,14,1920 x 1080,60,FALSE,65,Up to 8 hours,Dedicated,AMD,AMD Radeon RX 6600M,Dolby Atmos,FALSE,Dual-array microphones,"3 x USB-A, 1 x Thunderbolt 4",Wi-Fi 5,5,1.52,Plastic,MIL-STD-810H certified,Linux,FALSE,TRUE,TRUE,FALSE
32,XPS 13,Dell,1873,https://i.dell.com/is/image/DellContent/content/dam/ss2/product-images/dell-client-products/notebooks/xps-notebooks/xps-13-9320-laptop/mg/notebook-xps-13-9320-rgb-silver-gallery-1.psd?fmt=png-alpha&pscan=auto&scl=1&hei=402&wid=571&qlt=100,AMD,Intel Core i5-1235U,2.5,10,16,DDR5,HDD,512,15.6,3840 x 2160,120,FALSE,81,Up to 8 hours,Integrated,NVIDIA,Intel Iris Xe,Dolby Atmos,FALSE,Dual-array microphones,"2 x USB-C, 1 x HDMI",Wi-Fi 6E,5,1.9,Plastic,MIL-STD-810H certified,Linux,FALSE,TRUE,FALSE,TRUE
33,ROG Strix G16,Asus,2172,https://dlcdnwebimgs.asus.com/gain/AE3BAF3B-84E9-44A7-AC9D-B76E0B9F13A4,Intel,AMD Ryzen 5 6600H,2.5,4,8,DDR5,HDD,1024,14,2560 x 1600,120,FALSE,72,Up to 6 hours,Integrated,AMD,AMD Radeon RX 6600M,Stereo speakers,FALSE,Dual-array microphones,"3 x USB-A, 1 x Thunderbolt 4",Wi-Fi 6,5,1.82,Aluminum,Standard,Windows 11,TRUE,FALSE,FALSE,FALSE
34,XPS 13,Dell,2700,https://i.dell.com/is/image/DellContent/content/dam/ss2/product-images/dell-client-products/notebooks/xps-notebooks/xps-13-9320-laptop/mg/notebook-xps-13-9320-rgb-silver-gallery-1.psd?fmt=png-alpha&pscan=auto&scl=1&hei=402&wid=571&qlt=100,Intel,AMD Ryzen 5 7530U,3.3,12,16,DDR4,HDD,1024,16,1920 x 1080,144,TRUE,79,Up to 15 hours,Dedicated,AMD,NVIDIA RTX 3060,B&O speakers,TRUE,Studio quality,"3 x USB-A, 1 x Thunderbolt 4",Wi-Fi 6E,5,1.8,Plastic,MIL-STD-810H certified,Windows 11,FALSE,FALSE,FALSE,FALSE
35,EliteBook 840,HP,794,https://ssl-product-images.www8-hp.com/digmedialib/prodimg/lowres/c07912032.png,Intel,Intel Core i7-13700H,2.5,8,32,DDR5,HDD,1024,16,2560 x 1600,144,FALSE,89,Up to 11 hours,Integrated,NVIDIA,Intel Iris Xe,B&O speakers,TRUE,Studio quality,"3 x USB-A, 1 x Thunderbolt 4",Wi-Fi 6,5,1.29,Magnesium Alloy,MIL-STD-810H certified,Windows 11,TRUE,FALSE,FALSE,FALSE
36,XPS 13,Dell,1847,https://i.dell.com/is/image/DellContent/content/dam/ss2/product-images/dell-client-products/notebooks/xps-notebooks/xps-13-9320-laptop/mg/notebook-xps-13-9320-rgb-silver-gallery-1.psd?fmt=png-alpha&pscan=auto&scl=1&hei=402&wid=571&qlt=100,AMD,Intel Core i5-1235U,2.1,12,16,DDR5,HDD,1024,13.3,3840 x 2160,144,TRUE,96,Up to 9 hours,Integrated,Intel,Intel Iris Xe,B&O speakers,FALSE,Studio quality,"3 x USB-A, 1 x Thunderbolt 4",Wi-Fi 6,5,2,Aluminum,Standard,macOS Ventura,TRUE,FALSE,TRUE,TRUE
37,EliteBook 840,HP,2179,https://ssl-product-images.www8-hp.com/digmedialib/prodimg/lowres/c07912032.png,AMD,Intel Core i7-13700H,2.5,4,16,DDR5,HDD,1024,15.6,2560 x 1600,144,FALSE,78,Up to 5 hours,Integrated,AMD,NVIDIA RTX 3060,B&O speakers,TRUE,Studio quality,"2 x USB-C, 1 x HDMI",Wi-Fi 5,5.2,2.15,Plastic,Standard,Linux,TRUE,TRUE,TRUE,FALSE
38,Spectre x360,HP,1800,https://ssl-product-images.www8-hp.com/digmedialib/prodimg/lowres/c08123309.png,AMD,AMD Ryzen 7 6800U,1.8,6,32,DDR4,HDD,512,15.6,2560 x 1600,60,TRUE,90,Up to 9 hours,Dedicated,AMD,AMD Radeon RX 6600M,Dolby Atmos,FALSE,Dual-array microphones,"2 x USB-C, 1 x HDMI",Wi-Fi 5,5.1,1.7,Aluminum,MIL-STD-810H certified,Windows 11,TRUE,FALSE,TRUE,TRUE
39,Latitude 5550,Dell,2039,"https://i.dell.com/is/image/DellContent/content/dam/ss2/product-images/dell-client-products/notebooks/latitude-notebooks/latitude-15-5550-laptop/mg/notebook-latitude-15-5550-rgb-silver-gallery-20.psd?fmt=png-alpha&pscan=auto&scl=1&hei=402&wid=571&qlt=100,1&resMode=sharp2&size=571,402&chrss=full",Intel,Intel Core i5-1235U,1,12,32,DDR5,SSD,1024,16,1920 x 1080,120,FALSE,93,Up to 10 hours,Dedicated,Intel,Intel Iris Xe,Dolby Atmos,FALSE,Studio quality,"3 x USB-A, 1 x Thunderbolt 4",Wi-Fi 6,5.1,1.34,Magnesium Alloy,Standard,Windows 11,TRUE,FALSE,FALSE,TRUE
40,Spectre x360,HP,2882,https://ssl-product-images.www8-hp.com/digmedialib/prodimg/lowres/c08123309.png,Intel,AMD Ryzen 7 6800U,1.8,8,16,DDR4,SSD,1024,14,2560 x 1600,120,TRUE,46,Up to 9 hours,Dedicated,AMD,AMD Radeon RX 6600M,Stereo speakers,TRUE,Studio quality,"2 x USB-C, 1 x HDMI",Wi-Fi 5,5.2,1.6,Magnesium Alloy,Standard,macOS Ventura,TRUE,FALSE,FALSE,FALSE
41,Latitude 5550,Dell,867,"https://i.dell.com/is/image/DellContent/content/dam/ss2/product-images/dell-client-products/notebooks/latitude-notebooks/latitude-15-5550-laptop/mg/notebook-latitude-15-5550-rgb-silver-gallery-20.psd?fmt=png-alpha&pscan=auto&scl=1&hei=402&wid=571&qlt=100,1&resMode=sharp2&size=571,402&chrss=full",Intel,Intel Core i5-1235U,2.8,10,8,DDR5,HDD,512,14,3840 x 2160,144,TRUE,82,Up to 9 hours,Dedicated,NVIDIA,NVIDIA RTX 3060,Stereo speakers,TRUE,Dual-array microphones,"3 x USB-A, 1 x Thunderbolt 4",Wi-Fi 6E,5.3,1.2,Plastic,Standard,Linux,FALSE,TRUE,FALSE,TRUE
42,Latitude 5550,Dell,1450,"https://i.dell.com/is/image/DellContent/content/dam/ss2/product-images/dell-client-products/notebooks/latitude-notebooks/latitude-15-5550-laptop/mg/notebook-latitude-15-5550-rgb-silver-gallery-20.psd?fmt=png-alpha&pscan=auto&scl=1&hei=402&wid=571&qlt=100,1&resMode=sharp2&size=571,402&chrss=full",Intel,AMD Ryzen 7 7735U,2.3,8,16,DDR5,HDD,512,13.3,3840 x 2160,144,TRUE,50,Up to 11 hours,Dedicated,AMD,NVIDIA RTX 3060,Stereo speakers,TRUE,Dual-array microphones,"3 x USB-A, 1 x Thunderbolt 4",Wi-Fi 6E,5.3,2.39,Magnesium Alloy,Standard,Windows 11,TRUE,FALSE,FALSE,TRUE
43,ZenBook 14,Asus,2395,https://dlcdnwebimgs.asus.com/gain/4D8A73DE-0C2B-4D7E-8D91-8B1AB3E219FC,Intel,Intel Core i7-12700H,1.4,10,32,DDR5,HDD,1024,15.6,2560 x 1600,60,TRUE,46,Up to 5 hours,Dedicated,AMD,AMD Radeon RX 6600M,Stereo speakers,TRUE,Dual-array microphones,"2 x USB-C, 1 x HDMI",Wi-Fi 6E,5,1.08,Magnesium Alloy,MIL-STD-810H certified,macOS Ventura,FALSE,TRUE,FALSE,FALSE
44,ThinkPad X1 Carbon,Lenovo,969,https://www.lenovo.com/medias/thinkpad-x1-carbon-gen-9-gallery-1.png,Intel,Intel Core i7-1165G7,3.2,4,32,DDR4,HDD,1024,14,1920 x 1080,120,FALSE,40,Up to 9 hours,Integrated,AMD,Intel Iris Xe,Stereo speakers,FALSE,Studio quality,"2 x USB-C, 1 x HDMI",Wi-Fi 6,5,2.34,Magnesium Alloy,MIL-STD-810H certified,macOS Ventura,FALSE,TRUE,TRUE,FALSE
45,MacBook Pro 16,Apple,2214,https://store.storeimages.cdn-apple.com/4982/as-images.apple.com/is/mbp16-spacegray-gallery1-202301?wid=1000&hei=1000&fmt=jpeg&qlt=95&.v=1671304673229,Intel,Apple M2,1.9,4,16,DDR5,SSD,256,13.3,3840 x 2160,60,TRUE,40,Up to 7 hours,Integrated,NVIDIA,Intel Iris Xe,Dolby Atmos,FALSE,Dual-array microphones,"3 x USB-A, 1 x Thunderbolt 4",Wi-Fi 6E,5.1,1.7,Aluminum,Standard,macOS Ventura,TRUE,FALSE,FALSE,TRUE
46,EliteBook 840,HP,2235,https://ssl-product-images.www8-hp.com/digmedialib/prodimg/lowres/c07912032.png,AMD,AMD Ryzen 7 6800U,3.5,12,32,DDR4,HDD,1024,15.6,3840 x 2160,120,FALSE,77,Up to 6 hours,Integrated,AMD,NVIDIA RTX 3060,Dolby Atmos,FALSE,Studio quality,"2 x USB-C, 1 x HDMI",Wi-Fi 5,5.3,1.44,Magnesium Alloy,Standard,macOS Ventura,FALSE,FALSE,FALSE,TRUE
47,MacBook Pro 16,Apple,2438,https://store.storeimages.cdn-apple.com/4982/as-images.apple.com/is/mbp16-spacegray-gallery1-202301?wid=1000&hei=1000&fmt=jpeg&qlt=95&.v=1671304673229,AMD,Apple M3,2.7,8,16,DDR4,HDD,512,16,3840 x 2160,144,FALSE,93,Up to 6 hours,Integrated,Intel,NVIDIA RTX 3060,Stereo speakers,TRUE,Studio quality,"2 x USB-C, 1 x HDMI",Wi-Fi 6,5.3,1.86,Plastic,MIL-STD-810H certified,macOS Ventura,FALSE,TRUE,FALSE,FALSE
48,Yoga 9i,Lenovo,867,https://www.lenovo.com/medias/lenovo-laptop-yoga-9i-hero.png,Intel,AMD Ryzen 5 5600H,1.9,6,16,DDR4,SSD,512,14,1920 x 1080,60,FALSE,65,Up to 12 hours,Integrated,AMD,Intel Iris Xe,Dolby Atmos,FALSE,Dual-array microphones,"3 x USB-A, 1 x Thunderbolt 4",Wi-Fi 6E,5,1.47,Magnesium Alloy,MIL-STD-810H certified,Windows 11,FALSE,TRUE,FALSE,FALSE
49,Yoga 9i,Lenovo,2599,https://www.lenovo.com/medias/lenovo-laptop-yoga-9i-hero.png,Intel,AMD Ryzen 7 5800H,2.8,8,16,DDR4,HDD,1024,16,1920 x 1080,144,FALSE,78,Up to 5 hours,Integrated,NVIDIA,AMD Radeon RX 6600M,Dolby Atmos,TRUE,Studio quality,"2 x USB-C, 1 x HDMI",Wi-Fi 5,5.3,2.44,Magnesium Alloy,Standard,Linux,TRUE,TRUE,FALSE,FALSE
50,ROG Strix G16,Asus,2366,https://dlcdnwebimgs.asus.com/gain/AE3BAF3B-84E9-44A7-AC9D-B76E0B9F13A4,Intel,Intel Core i7-12700H,2.5,4,16,DDR4,SSD,256,15.6,1920 x 1080,144,TRUE,51,Up to 6 hours,Dedicated,NVIDIA,NVIDIA RTX 3060,B&O speakers,TRUE,Dual-array microphones,"2 x USB-C, 1 x HDMI",Wi-Fi 5,5.2,1.25,Aluminum,MIL-STD-810H certified,Windows 11,TRUE,TRUE,FALSE,FALSE
51,EliteBook 840,HP,2935,https://ssl-product-images.www8-hp.com/digmedialib/prodimg/lowres/c07912032.png,AMD,Intel Core i5-1335U,3.4,6,16,DDR4,SSD,256,15.6,3840 x 2160,120,FALSE,87,Up to 7 hours,Integrated,Intel,NVIDIA RTX 3060,B&O speakers,FALSE,Studio quality,"3 x USB-A, 1 x Thunderbolt 4",Wi-Fi 6E,5.3,1.65,Plastic,Standard,Windows 11,FALSE,TRUE,FALSE,FALSE
52,ZenBook 14,Asus,2751,https://dlcdnwebimgs.asus.com/gain/4D8A73DE-0C2B-4D7E-8D91-8B1AB3E219FC,Intel,AMD Ryzen 5 6600H,3.3,4,8,DDR5,HDD,512,16,3840 x 2160,120,FALSE,81,Up to 10 hours,Dedicated,Intel,NVIDIA RTX 3060,Dolby Atmos,FALSE,Studio quality,"3 x USB-A, 1 x Thunderbolt 4",Wi-Fi 5,5,1.18,Magnesium Alloy,Standard,macOS Ventura,TRUE,FALSE,FALSE,FALSE
53,XPS 13,Dell,1639,https://i.dell.com/is/image/DellContent/content/dam/ss2/product-images/dell-client-products/notebooks/xps-notebooks/xps-13-9320-laptop/mg/notebook-xps-13-9320-rgb-silver-gallery-1.psd?fmt=png-alpha&pscan=auto&scl=1&hei=402&wid=571&qlt=100,Intel,Intel Core i9-13900H,1,8,32,DDR4,SSD,256,13.3,1920 x 1080,144,TRUE,57,Up to 8 hours,Dedicated,AMD,Intel Iris Xe,Stereo speakers,TRUE,Dual-array microphones,"2 x USB-C, 1 x HDMI",Wi-Fi 6E,5,1.9,Plastic,Standard,Linux,FALSE,FALSE,TRUE,TRUE
54,MacBook Pro 16,Apple,1186,https://store.storeimages.cdn-apple.com/4982/as-images.apple.com/is/mbp16-spacegray-gallery1-202301?wid=1000&hei=1000&fmt=jpeg&qlt=95&.v=1671304673229,AMD,Apple M3,4.4,4,16,DDR5,SSD,512,13.3,3840 x 2160,144,FALSE,54,Up to 14 hours,Integrated,NVIDIA,NVIDIA RTX 3060,Stereo speakers,TRUE,Dual-array microphones,"3 x USB-A, 1 x Thunderbolt 4",Wi-Fi 5,5.1,1.49,Aluminum,MIL-STD-810H certified,Windows 11,FALSE,TRUE,TRUE,FALSE
55,Latitude 5550,Dell,2280,"https://i.dell.com/is/image/DellContent/content/dam/ss2/product-images/dell-client-products/notebooks/latitude-notebooks/latitude-15-5550-laptop/mg/notebook-latitude-15-5550-rgb-silver-gallery-20.psd?fmt=png-alpha&pscan=auto&scl=1&hei=402&wid=571&qlt=100,1&resMode=sharp2&size=571,402&chrss=full",Intel,Intel Core i9-13900H,3.6,4,32,DDR5,SSD,1024,14,3840 x 2160,120,FALSE,66,Up to 7 hours,Dedicated,AMD,NVIDIA RTX 3060,B&O speakers,TRUE,Dual-array microphones,"2 x USB-C, 1 x HDMI",Wi-Fi 6,5.2,2.49,Aluminum,MIL-STD-810H certified,macOS Ventura,TRUE,TRUE,TRUE,TRUE
56,MacBook Pro 16,Apple,2171,https://store.storeimages.cdn-apple.com/4982/as-images.apple.com/is/mbp16-spacegray-gallery1-202301?wid=1000&hei=1000&fmt=jpeg&qlt=95&.v=1671304673229,AMD,Apple M3,2.4,6,8,DDR4,SSD,256,16,3840 x 2160,60,TRUE,64,Up to 13 hours,Integrated,NVIDIA,NVIDIA RTX 3060,B&O speakers,TRUE,Dual-array microphones,"3 x USB-A, 1 x Thunderbolt 4",Wi-Fi 6E,5.3,1.51,Magnesium Alloy,MIL-STD-810H certified,Windows 11,FALSE,FALSE,FALSE,FALSE
57,EliteBook 840,HP,1280,https://ssl-product-images.www8-hp.com/digmedialib/prodimg/lowres/c07912032.png,AMD,Intel Core i7-13700H,2.5,10,32,DDR4,HDD,1024,14,1920 x 1080,120,TRUE,80,Up to 5 hours,Dedicated,Intel,AMD Radeon RX 6600M,B&O speakers,TRUE,Dual-array microphones,"3 x USB-A, 1 x Thunderbolt 4",Wi-Fi 6E,5.3,1.22,Aluminum,MIL-STD-810H certified,Linux,TRUE,FALSE,TRUE,FALSE
58,ZenBook 14,Asus,1850,https://dlcdnwebimgs.asus.com/gain/4D8A73DE-0C2B-4D7E-8D91-8B1AB3E219FC,AMD,Intel Core i7-12700H,2.1,12,16,DDR5,HDD,512,14,2560 x 1600,60,TRUE,90,Up to 10 hours,Integrated,AMD,Intel Iris Xe,B&O speakers,TRUE,Dual-array microphones,"2 x USB-C, 1 x HDMI",Wi-Fi 5,5.1,2.25,Magnesium Alloy,MIL-STD-810H certified,macOS Ventura,TRUE,TRUE,FALSE,FALSE
59,XPS 13,Dell,2064,https://i.dell.com/is/image/DellContent/content/dam/ss2/product-images/dell-client-products/notebooks/xps-notebooks/xps-13-9320-laptop/mg/notebook-xps-13-9320-rgb-silver-gallery-1.psd?fmt=png-alpha&pscan=auto&scl=1&hei=402&wid=571&qlt=100,AMD,Intel Core i7-1255U,3.2,12,32,DDR5,SSD,1024,16,2560 x 1600,60,FALSE,89,Up to 13 hours,Dedicated,NVIDIA,AMD Radeon RX 6600M,B&O speakers,FALSE,Studio quality,"2 x USB-C, 1 x HDMI",Wi-Fi 6E,5.3,1.81,Aluminum,Standard,macOS Ventura,TRUE,FALSE,TRUE,FALSE
60,Yoga 9i,Lenovo,602,https://www.lenovo.com/medias/lenovo-laptop-yoga-9i-hero.png,AMD,Intel Core i7-1165G7,2.9,10,16,DDR5,SSD,1024,15.6,1920 x 1080,120,FALSE,86,Up to 12 hours,Integrated,NVIDIA,NVIDIA RTX 3060,Dolby Atmos,TRUE,Dual-array microphones,"3 x USB-A, 1 x Thunderbolt 4",Wi-Fi 6,5.3,2.38,Plastic,Standard,Windows 11,FALSE,TRUE,TRUE,FALSE
61,Spectre x360,HP,638,https://ssl-product-images.www8-hp.com/digmedialib/prodimg/lowres/c08123309.png,Intel,AMD Ryzen 5 5500U,3.6,4,16,DDR4,HDD,1024,15.6,1920 x 1080,120,FALSE,48,Up to 5 hours,Dedicated,NVIDIA,AMD Radeon RX 6600M,B&O speakers,TRUE,Studio quality,"3 x USB-A, 1 x Thunderbolt 4",Wi-Fi 6E,5.3,2.09,Plastic,MIL-STD-810H certified,Windows 11,TRUE,TRUE,TRUE,FALSE
62,ROG Strix G16,Asus,1909,https://dlcdnwebimgs.asus.com/gain/AE3BAF3B-84E9-44A7-AC9D-B76E0B9F13A4,Intel,AMD Ryzen 5 6600H,4.2,12,16,DDR5,SSD,512,16,2560 x 1600,60,TRUE,75,Up to 5 hours,Integrated,NVIDIA,Intel Iris Xe,Dolby Atmos,FALSE,Studio quality,"2 x USB-C, 1 x HDMI",Wi-Fi 6,5.1,1.81,Plastic,Standard,macOS Ventura,TRUE,FALSE,TRUE,FALSE
63,ZenBook 14,Asus,2789,https://dlcdnwebimgs.asus.com/gain/4D8A73DE-0C2B-4D7E-8D91-8B1AB3E219FC,AMD,Intel Core i5-1240P,4.2,4,16,DDR4,HDD,512,16,1920 x 1080,144,FALSE,95,Up to 12 hours,Dedicated,Intel,Intel Iris Xe,B&O speakers,FALSE,Dual-array microphones,"2 x USB-C, 1 x HDMI",Wi-Fi 6E,5.2,1.49,Magnesium Alloy,MIL-STD-810H certified,Linux,TRUE,TRUE,TRUE,FALSE
64,MacBook Pro 16,Apple,2482,https://store.storeimages.cdn-apple.com/4982/as-images.apple.com/is/mbp16-spacegray-gallery1-202301?wid=1000&hei=1000&fmt=jpeg&qlt=95&.v=1671304673229,Intel,Apple M1,3.9,12,16,DDR4,SSD,512,15.6,1920 x 1080,120,TRUE,77,Up to 5 hours,Dedicated,Intel,NVIDIA RTX 3060,B&O speakers,FALSE,Dual-array microphones,"2 x USB-C, 1 x HDMI",Wi-Fi 6,5.2,2,Magnesium Alloy,MIL-STD-810H certified,macOS Ventura,TRUE,FALSE,TRUE,FALSE
65,Yoga 9i,Lenovo,1207,https://www.lenovo.com/medias/lenovo-laptop-yoga-9i-hero.png,Intel,AMD Ryzen 5 5600H,4.5,10,16,DDR4,HDD,256,13.3,3840 x 2160,144,FALSE,91,Up to 9 hours,Dedicated,NVIDIA,Intel Iris Xe,Stereo speakers,FALSE,Dual-array microphones,"2 x USB-C, 1 x HDMI",Wi-Fi 5,5.1,1.81,Aluminum,Standard,Windows 11,TRUE,FALSE,FALSE,TRUE
66,EliteBook 840,HP,1584,https://ssl-product-images.www8-hp.com/digmedialib/prodimg/lowres/c07912032.png,Intel,Intel Core i7-13700H,3.2,12,16,DDR4,SSD,256,16,1920 x 1080,144,FALSE,99,Up to 10 hours,Dedicated,AMD,NVIDIA RTX 3060,B&O speakers,FALSE,Dual-array microphones,"2 x USB-C, 1 x HDMI",Wi-Fi 6,5.3,1.3,Aluminum,MIL-STD-810H certified,Linux,TRUE,FALSE,TRUE,TRUE
67,ZenBook 14,Asus,2783,https://dlcdnwebimgs.asus.com/gain/4D8A73DE-0C2B-4D7E-8D91-8B1AB3E219FC,AMD,AMD Ryzen 5 6600H,3.7,8,8,DDR5,HDD,256,14,3840 x 2160,60,TRUE,99,Up to 13 hours,Dedicated,AMD,NVIDIA RTX 3060,B&O speakers,FALSE,Studio quality,"3 x USB-A, 1 x Thunderbolt 4",Wi-Fi 6E,5.2,1.81,Magnesium Alloy,Standard,macOS Ventura,TRUE,TRUE,TRUE,FALSE
68,Latitude 5550,Dell,2710,"https://i.dell.com/is/image/DellContent/content/dam/ss2/product-images/dell-client-products/notebooks/latitude-notebooks/latitude-15-5550-laptop/mg/notebook-latitude-15-5550-rgb-silver-gallery-20.psd?fmt=png-alpha&pscan=auto&scl=1&hei=402&wid=571&qlt=100,1&resMode=sharp2&size=571,402&chrss=full",AMD,Intel Core i5-1235U,2.8,10,16,DDR4,SSD,1024,14,3840 x 2160,60,TRUE,52,Up to 14 hours,Dedicated,NVIDIA,NVIDIA RTX 3060,Stereo speakers,TRUE,Dual-array microphones,"2 x USB-C, 1 x HDMI",Wi-Fi 6,5.1,2.36,Magnesium Alloy,MIL-STD-810H certified,Windows 11,TRUE,FALSE,TRUE,FALSE
69,MacBook Air M2,Apple,2797,https://store.storeimages.cdn-apple.com/4982/as-images.apple.com/is/macbook-air-midnight-config-20220606?wid=1000&hei=1000&fmt=jpeg&qlt=95&.v=1654122930000,Intel,Apple M2,3.7,8,32,DDR4,SSD,256,13.3,1920 x 1080,144,FALSE,55,Up to 14 hours,Integrated,Intel,Intel Iris Xe,Stereo speakers,FALSE,Dual-array microphones,"2 x USB-C, 1 x HDMI",Wi-Fi 6,5,1.41,Plastic,MIL-STD-810H certified,Linux,FALSE,TRUE,TRUE,FALSE
70,EliteBook 840,HP,2570,https://ssl-product-images.www8-hp.com/digmedialib/prodimg/lowres/c07912032.png,AMD,AMD Ryzen 5 5500U,2.4,8,32,DDR4,SSD,512,15.6,3840 x 2160,144,TRUE,94,Up to 14 hours,Dedicated,AMD,NVIDIA RTX 3060,Dolby Atmos,TRUE,Dual-array microphones,"2 x USB-C, 1 x HDMI",Wi-Fi 6,5,1.59,Plastic,MIL-STD-810H certified,macOS Ventura,TRUE,TRUE,FALSE,FALSE
71,MacBook Air M2,Apple,2917,https://store.storeimages.cdn-apple.com/4982/as-images.apple.com/is/macbook-air-midnight-config-20220606?wid=1000&hei=1000&fmt=jpeg&qlt=95&.v=1654122930000,AMD,Apple M3,3.4,12,8,DDR4,SSD,1024,15.6,3840 x 2160,120,TRUE,92,Up to 7 hours,Dedicated,NVIDIA,Intel Iris Xe,B&O speakers,TRUE,Dual-array microphones,"2 x USB-C, 1 x HDMI",Wi-Fi 5,5.3,2.37,Plastic,Standard,Linux,TRUE,FALSE,FALSE,TRUE
72,ROG Strix G16,Asus,1197,https://dlcdnwebimgs.asus.com/gain/AE3BAF3B-84E9-44A7-AC9D-B76E0B9F13A4,AMD,AMD Ryzen 7 6800H,2.4,12,32,DDR4,SSD,1024,16,3840 x 2160,144,TRUE,84,Up to 13 hours,Dedicated,AMD,AMD Radeon RX 6600M,Dolby Atmos,FALSE,Dual-array microphones,"3 x USB-A, 1 x Thunderbolt 4",Wi-Fi 6,5.3,1.93,Magnesium Alloy,MIL-STD-810H certified,macOS Ventura,TRUE,FALSE,FALSE,TRUE
73,Yoga 9i,Lenovo,2738,https://www.lenovo.com/medias/lenovo-laptop-yoga-9i-hero.png,AMD,AMD Ryzen 7 5800H,4.1,10,16,DDR5,HDD,256,13.3,3840 x 2160,120,FALSE,81,Up to 12 hours,Integrated,Intel,AMD Radeon RX 6600M,Stereo speakers,TRUE,Dual-array microphones,"2 x USB-C, 1 x HDMI",Wi-Fi 6E,5.1,1.31,Magnesium Alloy,MIL-STD-810H certified,Windows 11,TRUE,TRUE,TRUE,FALSE
74,Yoga 9i,Lenovo,2822,https://www.lenovo.com/medias/lenovo-laptop-yoga-9i-hero.png,AMD,Intel Core i5-1135G7,4.3,10,32,DDR4,HDD,1024,14,3840 x 2160,60,FALSE,85,Up to 13 hours,Integrated,AMD,AMD Radeon RX 6600M,Dolby Atmos,TRUE,Dual-array microphones,"2 x USB-C, 1 x HDMI",Wi-Fi 6E,5.1,2.04,Plastic,MIL-STD-810H certified,macOS Ventura,TRUE,TRUE,FALSE,FALSE
75,Spectre x360,HP,2266,https://ssl-product-images.www8-hp.com/digmedialib/prodimg/lowres/c08123309.png,Intel,Intel Core i7-13700H,3.6,6,8,DDR4,SSD,512,14,2560 x 1600,120,FALSE,40,Up to 11 hours,Dedicated,NVIDIA,AMD Radeon RX 6600M,Stereo speakers,FALSE,Dual-array microphones,"3 x USB-A, 1 x Thunderbolt 4",Wi-Fi 6E,5.2,1.24,Aluminum,MIL-STD-810H certified,Windows 11,FALSE,FALSE,FALSE,FALSE
76,ThinkPad X1 Carbon,Lenovo,2910,https://www.lenovo.com/medias/thinkpad-x1-carbon-gen-9-gallery-1.png,Intel,Intel Core i5-1135G7,3.9,10,8,DDR5,HDD,256,14,2560 x 1600,120,FALSE,86,Up to 10 hours,Dedicated,AMD,Intel Iris Xe,Dolby Atmos,FALSE,Studio quality,"2 x USB-C, 1 x HDMI",Wi-Fi 5,5.1,2.28,Magnesium Alloy,Standard,macOS Ventura,TRUE,FALSE,FALSE,TRUE
77,Yoga 9i,Lenovo,948,https://www.lenovo.com/medias/lenovo-laptop-yoga-9i-hero.png,Intel,Intel Core i5-1135G7,2.5,12,8,DDR4,SSD,256,14,2560 x 1600,144,TRUE,49,Up to 12 hours,Integrated,NVIDIA,NVIDIA RTX 3060,Dolby Atmos,TRUE,Studio quality,"3 x USB-A, 1 x Thunderbolt 4",Wi-Fi 6,5,2.26,Aluminum,MIL-STD-810H certified,macOS Ventura,TRUE,TRUE,TRUE,FALSE
78,Yoga 9i,Lenovo,1479,https://www.lenovo.com/medias/lenovo-laptop-yoga-9i-hero.png,AMD,Intel Core i5-1135G7,2.4,10,16,DDR4,SSD,1024,13.3,1920 x 1080,60,FALSE,68,Up to 13 hours,Dedicated,AMD,AMD Radeon RX 6600M,Dolby Atmos,FALSE,Dual-array microphones,"3 x USB-A, 1 x Thunderbolt 4",Wi-Fi 6E,5,2.08,Magnesium Alloy,Standard,Linux,TRUE,FALSE,TRUE,TRUE
79,MacBook Air M2,Apple,2772,https://store.storeimages.cdn-apple.com/4982/as-images.apple.com/is/macbook-air-midnight-config-20220606?wid=1000&hei=1000&fmt=jpeg&qlt=95&.v=1654122930000,Intel,Apple M3,1.1,4,8,DDR4,SSD,256,13.3,3840 x 2160,120,FALSE,50,Up to 6 hours,Dedicated,Intel,Intel Iris Xe,Stereo speakers,TRUE,Studio quality,"3 x USB-A, 1 x Thunderbolt 4",Wi-Fi 6E,5.2,1.81,Magnesium Alloy,MIL-STD-810H certified,macOS Ventura,TRUE,FALSE,FALSE,FALSE
80,XPS 13,Dell,937,https://i.dell.com/is/image/DellContent/content/dam/ss2/product-images/dell-client-products/notebooks/xps-notebooks/xps-13-9320-laptop/mg/notebook-xps-13-9320-rgb-silver-gallery-1.psd?fmt=png-alpha&pscan=auto&scl=1&hei=402&wid=571&qlt=100,AMD,AMD Ryzen 7 7735U,1.9,6,32,DDR5,HDD,512,13.3,2560 x 1600,120,FALSE,83,Up to 12 hours,Dedicated,NVIDIA,AMD Radeon RX 6600M,Dolby Atmos,TRUE,Studio quality,"2 x USB-C, 1 x HDMI",Wi-Fi 6,5.3,1.06,Aluminum,MIL-STD-810H certified,Linux,TRUE,TRUE,TRUE,TRUE
81,MacBook Pro 16,Apple,1723,https://store.storeimages.cdn-apple.com/4982/as-images.apple.com/is/mbp16-spacegray-gallery1-202301?wid=1000&hei=1000&fmt=jpeg&qlt=95&.v=1671304673229,AMD,Apple M1,2.9,12,32,DDR5,HDD,1024,15.6,3840 x 2160,60,TRUE,63,Up to 13 hours,Integrated,NVIDIA,NVIDIA RTX 3060,Dolby Atmos,FALSE,Dual-array microphones,"3 x USB-A, 1 x Thunderbolt 4",Wi-Fi 6,5,1.5,Magnesium Alloy,MIL-STD-810H certified,Linux,FALSE,FALSE,TRUE,TRUE
82,Yoga 9i,Lenovo,1343,https://www.lenovo.com/medias/lenovo-laptop-yoga-9i-hero.png,Intel,AMD Ryzen 7 5800H,2.7,10,8,DDR5,HDD,1024,14,1920 x 1080,60,FALSE,55,Up to 5 hours,Dedicated,Intel,AMD Radeon RX 6600M,B&O speakers,TRUE,Studio quality,"2 x USB-C, 1 x HDMI",Wi-Fi 6E,5.2,2.13,Magnesium Alloy,MIL-STD-810H certified,Linux,TRUE,TRUE,FALSE,TRUE
83,EliteBook 840,HP,2942,https://ssl-product-images.www8-hp.com/digmedialib/prodimg/lowres/c07912032.png,Intel,Intel Core i5-1335U,3.5,10,32,DDR5,SSD,256,13.3,2560 x 1600,60,TRUE,65,Up to 5 hours,Dedicated,AMD,NVIDIA RTX 3060,Dolby Atmos,TRUE,Studio quality,"2 x USB-C, 1 x HDMI",Wi-Fi 5,5.1,1.89,Plastic,Standard,macOS Ventura,FALSE,FALSE,FALSE,FALSE
84,MacBook Air M2,Apple,2236,https://store.storeimages.cdn-apple.com/4982/as-images.apple.com/is/macbook-air-midnight-config-20220606?wid=1000&hei=1000&fmt=jpeg&qlt=95&.v=1654122930000,Intel,Apple M1,2.5,4,8,DDR4,SSD,256,13.3,2560 x 1600,60,TRUE,44,Up to 11 hours,Integrated,Intel,NVIDIA RTX 3060,B&O speakers,TRUE,Studio quality,"3 x USB-A, 1 x Thunderbolt 4",Wi-Fi 6E,5.3,2.11,Plastic,MIL-STD-810H certified,macOS Ventura,FALSE,TRUE,FALSE,TRUE
85,MacBook Air M2,Apple,2554,https://store.storeimages.cdn-apple.com/4982/as-images.apple.com/is/macbook-air-midnight-config-20220606?wid=1000&hei=1000&fmt=jpeg&qlt=95&.v=1654122930000,AMD,Apple M1,2.1,4,32,DDR5,SSD,1024,13.3,3840 x 2160,120,TRUE,98,Up to 5 hours,Integrated,NVIDIA,AMD Radeon RX 6600M,Stereo speakers,FALSE,Studio quality,"3 x USB-A, 1 x Thunderbolt 4",Wi-Fi 5,5.1,1.83,Plastic,Standard,Linux,TRUE,TRUE,TRUE,TRUE
86,ZenBook 14,Asus,762,https://dlcdnwebimgs.asus.com/gain/4D8A73DE-0C2B-4D7E-8D91-8B1AB3E219FC,Intel,AMD Ryzen 7 6800H,2.8,12,16,DDR4,SSD,1024,13.3,1920 x 1080,60,FALSE,84,Up to 14 hours,Dedicated,NVIDIA,NVIDIA RTX 3060,Stereo speakers,TRUE,Studio quality,"2 x USB-C, 1 x HDMI",Wi-Fi 6,5,1.17,Aluminum,Standard,Windows 11,TRUE,FALSE,TRUE,TRUE
87,XPS 13,Dell,1589,https://i.dell.com/is/image/DellContent/content/dam/ss2/product-images/dell-client-products/notebooks/xps-notebooks/xps-13-9320-laptop/mg/notebook-xps-13-9320-rgb-silver-gallery-1.psd?fmt=png-alpha&pscan=auto&scl=1&hei=402&wid=571&qlt=100,AMD,Intel Core i5-1235U,4.4,12,32,DDR4,HDD,512,14,1920 x 1080,144,TRUE,84,Up to 14 hours,Dedicated,NVIDIA,Intel Iris Xe,B&O speakers,FALSE,Studio quality,"3 x USB-A, 1 x Thunderbolt 4",Wi-Fi 6E,5.3,1.55,Plastic,MIL-STD-810H certified,Linux,FALSE,TRUE,TRUE,TRUE
88,Latitude 5550,Dell,1295,"https://i.dell.com/is/image/DellContent/content/dam/ss2/product-images/dell-client-products/notebooks/latitude-notebooks/latitude-15-5550-laptop/mg/notebook-latitude-15-5550-rgb-silver-gallery-20.psd?fmt=png-alpha&pscan=auto&scl=1&hei=402&wid=571&qlt=100,1&resMode=sharp2&size=571,402&chrss=full",Intel,Intel Core i9-13900H,3.9,8,32,DDR4,HDD,256,16,1920 x 1080,120,TRUE,73,Up to 13 hours,Integrated,Intel,Intel Iris Xe,Dolby Atmos,TRUE,Studio quality,"3 x USB-A, 1 x Thunderbolt 4",Wi-Fi 6E,5.2,1.76,Magnesium Alloy,MIL-STD-810H certified,macOS Ventura,FALSE,TRUE,TRUE,FALSE
89,ZenBook 14,Asus,1449,https://dlcdnwebimgs.asus.com/gain/4D8A73DE-0C2B-4D7E-8D91-8B1AB3E219FC,Intel,Intel Core i7-12700H,3.1,6,8,DDR5,SSD,256,14,1920 x 1080,60,FALSE,71,Up to 5 hours,Dedicated,NVIDIA,NVIDIA RTX 3060,Stereo speakers,FALSE,Studio quality,"3 x USB-A, 1 x Thunderbolt 4",Wi-Fi 6E,5.3,2.36,Magnesium Alloy,MIL-STD-810H certified,macOS Ventura,TRUE,TRUE,FALSE,TRUE
90,Yoga 9i,Lenovo,2718,https://www.lenovo.com/medias/lenovo-laptop-yoga-9i-hero.png,Intel,AMD Ryzen 7 5800H,1.8,10,16,DDR4,SSD,512,14,2560 x 1600,60,FALSE,54,Up to 9 hours,Dedicated,NVIDIA,AMD Radeon RX 6600M,Dolby Atmos,FALSE,Studio quality,"2 x USB-C, 1 x HDMI",Wi-Fi 6,5,2.44,Aluminum,MIL-STD-810H certified,macOS Ventura,TRUE,TRUE,FALSE,FALSE
91,EliteBook 840,HP,2549,https://ssl-product-images.www8-hp.com/digmedialib/prodimg/lowres/c07912032.png,Intel,AMD Ryzen 5 5500U,4.3,12,32,DDR5,SSD,256,14,1920 x 1080,120,FALSE,99,Up to 5 hours,Dedicated,NVIDIA,NVIDIA RTX 3060,B&O speakers,TRUE,Studio quality,"3 x USB-A, 1 x Thunderbolt 4",Wi-Fi 5,5,1.95,Magnesium Alloy,MIL-STD-810H certified,Linux,TRUE,TRUE,FALSE,TRUE
92,ZenBook 14,Asus,877,https://dlcdnwebimgs.asus.com/gain/4D8A73DE-0C2B-4D7E-8D91-8B1AB3E219FC,AMD,AMD Ryzen 5 6600H,2.3,12,8,DDR4,SSD,256,13.3,2560 x 1600,120,FALSE,48,Up to 9 hours,Dedicated,NVIDIA,NVIDIA RTX 3060,Stereo speakers,FALSE,Studio quality,"2 x USB-C, 1 x HDMI",Wi-Fi 6,5,1.3,Aluminum,MIL-STD-810H certified,macOS Ventura,FALSE,FALSE,TRUE,TRUE
93,MacBook Air M2,Apple,2696,https://store.storeimages.cdn-apple.com/4982/as-images.apple.com/is/macbook-air-midnight-config-20220606?wid=1000&hei=1000&fmt=jpeg&qlt=95&.v=1654122930000,Intel,Apple M2,1.9,10,32,DDR4,SSD,512,16,1920 x 1080,120,TRUE,96,Up to 11 hours,Integrated,AMD,AMD Radeon RX 6600M,B&O speakers,FALSE,Studio quality,"3 x USB-A, 1 x Thunderbolt 4",Wi-Fi 6,5.2,2,Plastic,MIL-STD-810H certified,Windows 11,TRUE,TRUE,TRUE,FALSE
94,EliteBook 840,HP,2173,https://ssl-product-images.www8-hp.com/digmedialib/prodimg/lowres/c07912032.png,Intel,Intel Core i3-1215U,3.3,4,16,DDR5,SSD,256,16,2560 x 1600,144,TRUE,67,Up to 11 hours,Dedicated,NVIDIA,NVIDIA RTX 3060,Stereo speakers,FALSE,Studio quality,"3 x USB-A, 1 x Thunderbolt 4",Wi-Fi 6,5.1,1.38,Aluminum,MIL-STD-810H certified,Linux,TRUE,TRUE,TRUE,FALSE
95,Spectre x360,HP,1132,https://ssl-product-images.www8-hp.com/digmedialib/prodimg/lowres/c08123309.png,Intel,Intel Core i3-1215U,3.4,8,16,DDR4,HDD,512,14,1920 x 1080,120,TRUE,55,Up to 6 hours,Integrated,Intel,AMD Radeon RX 6600M,Dolby Atmos,TRUE,Studio quality,"2 x USB-C, 1 x HDMI",Wi-Fi 5,5,1.3,Aluminum,MIL-STD-810H certified,Windows 11,FALSE,FALSE,TRUE,FALSE
96,ThinkPad X1 Carbon,Lenovo,1987,https://www.lenovo.com/medias/thinkpad-x1-carbon-gen-9-gallery-1.png,AMD,AMD Ryzen 5 5600H,3.2,4,8,DDR4,SSD,256,15.6,1920 x 1080,120,FALSE,70,Up to 6 hours,Integrated,Intel,Intel Iris Xe,B&O speakers,FALSE,Studio quality,"3 x USB-A, 1 x Thunderbolt 4",Wi-Fi 6,5.1,2.08,Plastic,MIL-STD-810H certified,macOS Ventura,FALSE,FALSE,TRUE,FALSE
97,XPS 13,Dell,1682,https://i.dell.com/is/image/DellContent/content/dam/ss2/product-images/dell-client-products/notebooks/xps-notebooks/xps-13-9320-laptop/mg/notebook-xps-13-9320-rgb-silver-gallery-1.psd?fmt=png-alpha&pscan=auto&scl=1&hei=402&wid=571&qlt=100,Intel,Intel Core i7-1255U,3.1,6,8,DDR4,SSD,512,14,1920 x 1080,144,FALSE,51,Up to 7 hours,Dedicated,NVIDIA,AMD Radeon RX 6600M,Stereo speakers,TRUE,Studio quality,"2 x USB-C, 1 x HDMI",Wi-Fi 5,5.1,1.05,Magnesium Alloy,MIL-STD-810H certified,macOS Ventura,FALSE,TRUE,TRUE,TRUE
98,Yoga 9i,Lenovo,2209,https://www.lenovo.com/medias/lenovo-laptop-yoga-9i-hero.png,Intel,AMD Ryzen 7 5800H,2.3,12,32,DDR4,HDD,256,14,3840 x 2160,144,TRUE,74,Up to 6 hours,Dedicated,NVIDIA,NVIDIA RTX 3060,Stereo speakers,FALSE,Dual-array microphones,"2 x USB-C, 1 x HDMI",Wi-Fi 6,5.2,1.25,Magnesium Alloy,Standard,Linux,TRUE,TRUE,TRUE,FALSE
99,XPS 13,Dell,1645,https://i.dell.com/is/image/DellContent/content/dam/ss2/product-images/dell-client-products/notebooks/xps-notebooks/xps-13-9320-laptop/mg/notebook-xps-13-9320-rgb-silver-gallery-1.psd?fmt=png-alpha&pscan=auto&scl=1&hei=402&wid=571&qlt=100,Intel,Intel Core i9-13900H,3.8,12,32,DDR5,HDD,256,13.3,2560 x 1600,60,FALSE,74,Up to 9 hours,Dedicated,AMD,Intel Iris Xe,B&O speakers,TRUE,Dual-array microphones,"2 x USB-C, 1 x HDMI",Wi-Fi 6E,5,1.43,Magnesium Alloy,MIL-STD-810H certified,Windows 11,FALSE,FALSE,FALSE,TRUE
100,ThinkPad X1 Carbon,Lenovo,849,https://www.lenovo.com/medias/thinkpad-x1-carbon-gen-9-gallery-1.png,AMD,Intel Core i5-1135G7,2,4,8,DDR4,SSD,256,13.3,1920 x 1080,120,TRUE,62,Up to 7 hours,Dedicated,Intel,NVIDIA RTX 3060,Stereo speakers,TRUE,Studio quality,"3 x USB-A, 1 x Thunderbolt 4",Wi-Fi 6,5.1,2.2,Plastic,Standard,Windows 11,TRUE,FALSE,FALSE,TRUE
101,MacBook Air M2,Apple,2430,https://store.storeimages.cdn-apple.com/4982/as-images.apple.com/is/macbook-air-midnight-config-20220606?wid=1000&hei=1000&fmt=jpeg&qlt=95&.v=1654122930000,Intel,Apple M2,3.8,4,16,DDR5,SSD,512,16,3840 x 2160,144,TRUE,64,Up to 9 hours,Dedicated,Intel,Intel Iris Xe,B&O speakers,FALSE,Dual-array microphones,"3 x USB-A, 1 x Thunderbolt 4",Wi-Fi 6,5,2.35,Aluminum,MIL-STD-810H certified,Windows 11,TRUE,TRUE,TRUE,TRUE
102,XPS 13,Dell,1966,https://i.dell.com/is/image/DellContent/content/dam/ss2/product-images/dell-client-products/notebooks/xps-notebooks/xps-13-9320-laptop/mg/notebook-xps-13-9320-rgb-silver-gallery-1.psd?fmt=png-alpha&pscan=auto&scl=1&hei=402&wid=571&qlt=100,Intel,AMD Ryzen 7 7735U,2.7,8,32,DDR4,HDD,256,14,2560 x 1600,144,TRUE,89,Up to 11 hours,Dedicated,AMD,Intel Iris Xe,Stereo speakers,FALSE,Studio quality,"3 x USB-A, 1 x Thunderbolt 4",Wi-Fi 6E,5,1.48,Magnesium Alloy,Standard,Linux,FALSE,FALSE,FALSE,FALSE
103,Spectre x360,HP,1927,https://ssl-product-images.www8-hp.com/digmedialib/prodimg/lowres/c08123309.png,Intel,Intel Core i7-13700H,3.3,4,8,DDR5,HDD,256,13.3,3840 x 2160,144,FALSE,79,Up to 9 hours,Integrated,Intel,NVIDIA RTX 3060,Stereo speakers,TRUE,Studio quality,"3 x USB-A, 1 x Thunderbolt 4",Wi-Fi 5,5,1,Aluminum,Standard,macOS Ventura,TRUE,FALSE,FALSE,TRUE
104,MacBook Air M2,Apple,1725,https://store.storeimages.cdn-apple.com/4982/as-images.apple.com/is/macbook-air-midnight-config-20220606?wid=1000&hei=1000&fmt=jpeg&qlt=95&.v=1654122930000,Intel,Apple M2,4.3,12,16,DDR4,SSD,256,15.6,3840 x 2160,120,TRUE,76,Up to 5 hours,Dedicated,AMD,Intel Iris Xe,Dolby Atmos,TRUE,Studio quality,"3 x USB-A, 1 x Thunderbolt 4",Wi-Fi 6,5.3,1.9,Aluminum,Standard,macOS Ventura,TRUE,FALSE,FALSE,TRUE
105,MacBook Pro 16,Apple,2399,https://store.storeimages.cdn-apple.com/4982/as-images.apple.com/is/mbp16-spacegray-gallery1-202301?wid=1000&hei=1000&fmt=jpeg&qlt=95&.v=1671304673229,AMD,Apple M2,4.2,8,32,DDR4,SSD,1024,13.3,1920 x 1080,144,FALSE,72,Up to 13 hours,Dedicated,Intel,NVIDIA RTX 3060,Dolby Atmos,FALSE,Studio quality,"3 x USB-A, 1 x Thunderbolt 4",Wi-Fi 5,5.1,2.18,Plastic,Standard,macOS Ventura,TRUE,TRUE,TRUE,FALSE
106,MacBook Pro 16,Apple,1793,https://store.storeimages.cdn-apple.com/4982/as-images.apple.com/is/mbp16-spacegray-gallery1-202301?wid=1000&hei=1000&fmt=jpeg&qlt=95&.v=1671304673229,Intel,Apple M1,4,12,32,DDR5,SSD,256,14,1920 x 1080,144,FALSE,86,Up to 13 hours,Dedicated,Intel,NVIDIA RTX 3060,Stereo speakers,TRUE,Studio quality,"2 x USB-C, 1 x HDMI",Wi-Fi 6,5,2.13,Aluminum,Standard,macOS Ventura,FALSE,TRUE,FALSE,TRUE
107,Yoga 9i,Lenovo,2816,https://www.lenovo.com/medias/lenovo-laptop-yoga-9i-hero.png,Intel,Intel Core i7-1165G7,3.2,8,8,DDR4,HDD,512,15.6,3840 x 2160,60,FALSE,96,Up to 12 hours,Dedicated,NVIDIA,AMD Radeon RX 6600M,Dolby Atmos,FALSE,Dual-array microphones,"2 x USB-C, 1 x HDMI",Wi-Fi 5,5.1,2.37,Aluminum,Standard,macOS Ventura,TRUE,TRUE,FALSE,TRUE
108,ZenBook 14,Asus,1273,https://dlcdnwebimgs.asus.com/gain/4D8A73DE-0C2B-4D7E-8D91-8B1AB3E219FC,AMD,Intel Core i7-12700H,3,12,32,DDR4,HDD,1024,15.6,1920 x 1080,120,FALSE,53,Up to 15 hours,Dedicated,Intel,AMD Radeon RX 6600M,Dolby Atmos,TRUE,Studio quality,"2 x USB-C, 1 x HDMI",Wi-Fi 5,5.3,1.56,Plastic,MIL-STD-810H certified,Windows 11,TRUE,TRUE,TRUE,FALSE
109,Yoga 9i,Lenovo,1385,https://www.lenovo.com/medias/lenovo-laptop-yoga-9i-hero.png,AMD,Intel Core i7-1165G7,3.4,8,32,DDR5,HDD,512,16,1920 x 1080,120,FALSE,78,Up to 6 hours,Dedicated,NVIDIA,AMD Radeon RX 6600M,Dolby Atmos,FALSE,Studio quality,"2 x USB-C, 1 x HDMI",Wi-Fi 5,5.1,2.45,Aluminum,MIL-STD-810H certified,Linux,FALSE,FALSE,TRUE,TRUE
110,EliteBook 840,HP,2536,https://ssl-product-images.www8-hp.com/digmedialib/prodimg/lowres/c07912032.png,Intel,Intel Core i5-1335U,3.8,8,32,DDR5,SSD,256,15.6,1920 x 1080,144,TRUE,44,Up to 15 hours,Integrated,NVIDIA,NVIDIA RTX 3060,Stereo speakers,TRUE,Studio quality,"3 x USB-A, 1 x Thunderbolt 4",Wi-Fi 6,5.2,1.17,Magnesium Alloy,Standard,Linux,TRUE,TRUE,FALSE,FALSE
111,MacBook Pro 16,Apple,1426,https://store.storeimages.cdn-apple.com/4982/as-images.apple.com/is/mbp16-spacegray-gallery1-202301?wid=1000&hei=1000&fmt=jpeg&qlt=95&.v=1671304673229,Intel,Apple M2,4.2,6,16,DDR4,SSD,512,14,1920 x 1080,60,FALSE,92,Up to 14 hours,Integrated,Intel,AMD Radeon RX 6600M,Stereo speakers,FALSE,Dual-array microphones,"2 x USB-C, 1 x HDMI",Wi-Fi 6,5,1.95,Magnesium Alloy,MIL-STD-810H certified,macOS Ventura,FALSE,TRUE,TRUE,TRUE
112,ROG Strix G16,Asus,1189,https://dlcdnwebimgs.asus.com/gain/AE3BAF3B-84E9-44A7-AC9D-B76E0B9F13A4,AMD,AMD Ryzen 7 6800H,3.6,12,16,DDR5,HDD,1024,15.6,1920 x 1080,144,FALSE,50,Up to 9 hours,Dedicated,NVIDIA,Intel Iris Xe,Dolby Atmos,FALSE,Dual-array microphones,"2 x USB-C, 1 x HDMI",Wi-Fi 6E,5.2,1.05,Plastic,MIL-STD-810H certified,Windows 11,FALSE,TRUE,FALSE,TRUE
113,ZenBook 14,Asus,1367,https://dlcdnwebimgs.asus.com/gain/4D8A73DE-0C2B-4D7E-8D91-8B1AB3E219FC,Intel,AMD Ryzen 7 6800H,3.9,8,32,DDR5,HDD,1024,13.3,3840 x 2160,60,FALSE,54,Up to 7 hours,Integrated,Intel,AMD Radeon RX 6600M,Stereo speakers,FALSE,Dual-array microphones,"2 x USB-C, 1 x HDMI",Wi-Fi 6E,5,2.13,Magnesium Alloy,Standard,Windows 11,TRUE,FALSE,FALSE,FALSE
114,ZenBook 14,Asus,1726,https://dlcdnwebimgs.asus.com/gain/4D8A73DE-0C2B-4D7E-8D91-8B1AB3E219FC,AMD,AMD Ryzen 5 6600H,4,8,16,DDR5,SSD,256,16,3840 x 2160,120,FALSE,48,Up to 6 hours,Dedicated,AMD,AMD Radeon RX 6600M,Stereo speakers,TRUE,Studio quality,"2 x USB-C, 1 x HDMI",Wi-Fi 5,5.2,1.7,Magnesium Alloy,MIL-STD-810H certified,macOS Ventura,FALSE,TRUE,TRUE,TRUE
115,Yoga 9i,Lenovo,1785,https://www.lenovo.com/medias/lenovo-laptop-yoga-9i-hero.png,Intel,AMD Ryzen 5 5600H,4.3,6,32,DDR5,SSD,256,16,1920 x 1080,144,TRUE,99,Up to 11 hours,Dedicated,AMD,Intel Iris Xe,B&O speakers,FALSE,Dual-array microphones,"2 x USB-C, 1 x HDMI",Wi-Fi 6,5.1,1.24,Plastic,MIL-STD-810H certified,macOS Ventura,FALSE,FALSE,FALSE,TRUE
116,Spectre x360,HP,1396,https://ssl-product-images.www8-hp.com/digmedialib/prodimg/lowres/c08123309.png,AMD,Intel Core i7-13700H,2.3,4,32,DDR5,SSD,1024,13.3,2560 x 1600,60,TRUE,96,Up to 14 hours,Integrated,NVIDIA,Intel Iris Xe,B&O speakers,FALSE,Studio quality,"3 x USB-A, 1 x Thunderbolt 4",Wi-Fi 6,5,2.27,Plastic,MIL-STD-810H certified,Windows 11,FALSE,TRUE,FALSE,FALSE
117,EliteBook 840,HP,2225,https://ssl-product-images.www8-hp.com/digmedialib/prodimg/lowres/c07912032.png,Intel,Intel Core i5-1335U,4.3,12,8,DDR5,SSD,512,13.3,2560 x 1600,120,FALSE,90,Up to 11 hours,Dedicated,NVIDIA,Intel Iris Xe,Dolby Atmos,FALSE,Studio quality,"2 x USB-C, 1 x HDMI",Wi-Fi 6E,5.3,1,Aluminum,MIL-STD-810H certified,Windows 11,TRUE,FALSE,TRUE,FALSE
118,MacBook Air M2,Apple,2160,https://store.storeimages.cdn-apple.com/4982/as-images.apple.com/is/macbook-air-midnight-config-20220606?wid=1000&hei=1000&fmt=jpeg&qlt=95&.v=1654122930000,AMD,Apple M1,2.9,8,8,DDR4,HDD,1024,14,1920 x 1080,144,FALSE,68,Up to 7 hours,Integrated,NVIDIA,NVIDIA RTX 3060,Stereo speakers,FALSE,Dual-array microphones,"3 x USB-A, 1 x Thunderbolt 4",Wi-Fi 6,5.1,1.01,Plastic,MIL-STD-810H certified,macOS Ventura,FALSE,TRUE,FALSE,TRUE
119,ZenBook 14,Asus,1343,https://dlcdnwebimgs.asus.com/gain/4D8A73DE-0C2B-4D7E-8D91-8B1AB3E219FC,AMD,Intel Core i7-12700H,2.1,4,32,DDR4,HDD,512,14,3840 x 2160,60,TRUE,52,Up to 7 hours,Dedicated,Intel,NVIDIA RTX 3060,Dolby Atmos,FALSE,Studio quality,"2 x USB-C, 1 x HDMI",Wi-Fi 6E,5.1,1.27,Plastic,MIL-STD-810H certified,Windows 11,FALSE,FALSE,FALSE,FALSE
120,Yoga 9i,Lenovo,2375,https://www.lenovo.com/medias/lenovo-laptop-yoga-9i-hero.png,Intel,AMD Ryzen 7 5800H,2.1,4,16,DDR5,SSD,512,13.3,1920 x 1080,144,TRUE,74,Up to 13 hours,Integrated,Intel,AMD Radeon RX 6600M,Stereo speakers,TRUE,Dual-array microphones,"3 x USB-A, 1 x Thunderbolt 4",Wi-Fi 6,5,2.49,Magnesium Alloy,Standard,Windows 11,FALSE,FALSE,TRUE,TRUE
121,EliteBook 840,HP,1568,https://ssl-product-images.www8-hp.com/digmedialib/prodimg/lowres/c07912032.png,Intel,Intel Core i7-13700H,1.2,8,8,DDR5,HDD,1024,13.3,1920 x 1080,60,TRUE,89,Up to 13 hours,Dedicated,Intel,NVIDIA RTX 3060,Dolby Atmos,FALSE,Dual-array microphones,"3 x USB-A, 1 x Thunderbolt 4",Wi-Fi 6E,5.1,1.92,Aluminum,Standard,Linux,TRUE,TRUE,TRUE,FALSE
122,MacBook Air M2,Apple,993,https://store.storeimages.cdn-apple.com/4982/as-images.apple.com/is/macbook-air-midnight-config-20220606?wid=1000&hei=1000&fmt=jpeg&qlt=95&.v=1654122930000,AMD,Apple M1,4.3,8,8,DDR4,HDD,512,15.6,1920 x 1080,60,FALSE,44,Up to 11 hours,Dedicated,Intel,Intel Iris Xe,B&O speakers,FALSE,Dual-array microphones,"3 x USB-A, 1 x Thunderbolt 4",Wi-Fi 6,5,1.31,Magnesium Alloy,Standard,Windows 11,TRUE,FALSE,TRUE,FALSE
123,MacBook Air M2,Apple,2166,https://store.storeimages.cdn-apple.com/4982/as-images.apple.com/is/macbook-air-midnight-config-20220606?wid=1000&hei=1000&fmt=jpeg&qlt=95&.v=1654122930000,AMD,Apple M1,3.3,6,8,DDR4,HDD,512,13.3,1920 x 1080,120,TRUE,47,Up to 11 hours,Integrated,Intel,NVIDIA RTX 3060,Dolby Atmos,FALSE,Studio quality,"2 x USB-C, 1 x HDMI",Wi-Fi 6,5,1.29,Aluminum,Standard,Linux,FALSE,TRUE,FALSE,TRUE
124,MacBook Pro 16,Apple,792,https://store.storeimages.cdn-apple.com/4982/as-images.apple.com/is/mbp16-spacegray-gallery1-202301?wid=1000&hei=1000&fmt=jpeg&qlt=95&.v=1671304673229,Intel,Apple M2,2.4,6,16,DDR4,HDD,512,13.3,3840 x 2160,60,TRUE,58,Up to 7 hours,Dedicated,NVIDIA,AMD Radeon RX 6600M,B&O speakers,FALSE,Dual-array microphones,"2 x USB-C, 1 x HDMI",Wi-Fi 5,5.2,1.48,Aluminum,Standard,Linux,FALSE,FALSE,FALSE,TRUE
125,Yoga 9i,Lenovo,950,https://www.lenovo.com/medias/lenovo-laptop-yoga-9i-hero.png,AMD,AMD Ryzen 5 5600H,4.4,10,32,DDR5,SSD,256,16,3840 x 2160,60,TRUE,95,Up to 5 hours,Integrated,Intel,Intel Iris Xe,B&O speakers,TRUE,Dual-array microphones,"3 x USB-A, 1 x Thunderbolt 4",Wi-Fi 6,5.1,1.33,Magnesium Alloy,Standard,Linux,TRUE,FALSE,FALSE,TRUE
126,EliteBook 840,HP,670,https://ssl-product-images.www8-hp.com/digmedialib/prodimg/lowres/c07912032.png,AMD,AMD Ryzen 5 5500U,2.5,6,8,DDR5,HDD,256,16,2560 x 1600,60,TRUE,67,Up to 6 hours,Integrated,Intel,AMD Radeon RX 6600M,B&O speakers,TRUE,Dual-array microphones,"2 x USB-C, 1 x HDMI",Wi-Fi 6E,5,2.41,Aluminum,Standard,macOS Ventura,TRUE,FALSE,FALSE,TRUE
127,MacBook Air M2,Apple,2074,https://store.storeimages.cdn-apple.com/4982/as-images.apple.com/is/macbook-air-midnight-config-20220606?wid=1000&hei=1000&fmt=jpeg&qlt=95&.v=1654122930000,Intel,Apple M2,1.4,12,16,DDR4,SSD,256,13.3,1920 x 1080,120,FALSE,67,Up to 15 hours,Integrated,Intel,NVIDIA RTX 3060,Stereo speakers,TRUE,Studio quality,"3 x USB-A, 1 x Thunderbolt 4",Wi-Fi 6E,5,1.46,Plastic,Standard,macOS Ventura,FALSE,TRUE,TRUE,TRUE
128,EliteBook 840,HP,727,https://ssl-product-images.www8-hp.com/digmedialib/prodimg/lowres/c07912032.png,AMD,Intel Core i7-13700H,1.6,10,8,DDR5,HDD,1024,14,2560 x 1600,60,FALSE,74,Up to 9 hours,Dedicated,Intel,Intel Iris Xe,B&O speakers,TRUE,Dual-array microphones,"2 x USB-C, 1 x HDMI",Wi-Fi 6,5.1,2.04,Magnesium Alloy,MIL-STD-810H certified,macOS Ventura,FALSE,FALSE,TRUE,TRUE
129,ThinkPad X1 Carbon,Lenovo,1600,https://www.lenovo.com/medias/thinkpad-x1-carbon-gen-9-gallery-1.png,Intel,Intel Core i5-1135G7,1.8,10,16,DDR5,SSD,256,15.6,2560 x 1600,144,FALSE,90,Up to 13 hours,Dedicated,NVIDIA,NVIDIA RTX 3060,Stereo speakers,TRUE,Dual-array microphones,"3 x USB-A, 1 x Thunderbolt 4",Wi-Fi 6,5.1,1.7,Aluminum,Standard,Windows 11,TRUE,FALSE,FALSE,TRUE
130,EliteBook 840,HP,2130,https://ssl-product-images.www8-hp.com/digmedialib/prodimg/lowres/c07912032.png,Intel,AMD Ryzen 7 6800U,1.2,6,16,DDR5,HDD,1024,14,3840 x 2160,120,TRUE,81,Up to 15 hours,Integrated,NVIDIA,NVIDIA RTX 3060,B&O speakers,TRUE,Dual-array microphones,"2 x USB-C, 1 x HDMI",Wi-Fi 6,5.3,1.87,Magnesium Alloy,MIL-STD-810H certified,Linux,TRUE,FALSE,FALSE,FALSE
131,ZenBook 14,Asus,1785,https://dlcdnwebimgs.asus.com/gain/4D8A73DE-0C2B-4D7E-8D91-8B1AB3E219FC,Intel,AMD Ryzen 5 6600H,1.7,10,16,DDR4,HDD,512,15.6,1920 x 1080,60,FALSE,76,Up to 5 hours,Integrated,Intel,AMD Radeon RX 6600M,B&O speakers,TRUE,Studio quality,"3 x USB-A, 1 x Thunderbolt 4",Wi-Fi 5,5.1,2.27,Aluminum,MIL-STD-810H certified,Linux,FALSE,TRUE,TRUE,TRUE
132,ZenBook 14,Asus,1515,https://dlcdnwebimgs.asus.com/gain/4D8A73DE-0C2B-4D7E-8D91-8B1AB3E219FC,AMD,Intel Core i5-1240P,3.6,4,8,DDR5,SSD,1024,14,2560 x 1600,144,TRUE,40,Up to 6 hours,Dedicated,AMD,AMD Radeon RX 6600M,Stereo speakers,FALSE,Dual-array microphones,"2 x USB-C, 1 x HDMI",Wi-Fi 6,5.1,2.17,Aluminum,Standard,Linux,TRUE,FALSE,FALSE,TRUE
133,ZenBook 14,Asus,2901,https://dlcdnwebimgs.asus.com/gain/4D8A73DE-0C2B-4D7E-8D91-8B1AB3E219FC,Intel,AMD Ryzen 7 6800H,2.8,10,8,DDR5,SSD,512,16,2560 x 1600,120,TRUE,73,Up to 9 hours,Dedicated,NVIDIA,NVIDIA RTX 3060,B&O speakers,FALSE,Dual-array microphones,"3 x USB-A, 1 x Thunderbolt 4",Wi-Fi 6E,5.2,1.05,Aluminum,Standard,Windows 11,FALSE,TRUE,FALSE,FALSE
134,MacBook Pro 16,Apple,1667,https://store.storeimages.cdn-apple.com/4982/as-images.apple.com/is/mbp16-spacegray-gallery1-202301?wid=1000&hei=1000&fmt=jpeg&qlt=95&.v=1671304673229,AMD,Apple M3,4.4,10,16,DDR5,SSD,256,14,1920 x 1080,60,TRUE,56,Up to 9 hours,Dedicated,NVIDIA,Intel Iris Xe,Stereo speakers,TRUE,Dual-array microphones,"3 x USB-A, 1 x Thunderbolt 4",Wi-Fi 5,5.3,1.59,Magnesium Alloy,MIL-STD-810H certified,Windows 11,FALSE,FALSE,FALSE,TRUE
135,ROG Strix G16,Asus,916,https://dlcdnwebimgs.asus.com/gain/AE3BAF3B-84E9-44A7-AC9D-B76E0B9F13A4,Intel,AMD Ryzen 7 6800H,2.5,6,16,DDR4,SSD,1024,16,3840 x 2160,144,TRUE,59,Up to 7 hours,Integrated,AMD,Intel Iris Xe,B&O speakers,TRUE,Studio quality,"3 x USB-A, 1 x Thunderbolt 4",Wi-Fi 6,5.1,1.53,Aluminum,MIL-STD-810H certified,Windows 11,FALSE,FALSE,FALSE,TRUE
136,Spectre x360,HP,2505,https://ssl-product-images.www8-hp.com/digmedialib/prodimg/lowres/c08123309.png,AMD,Intel Core i5-1335U,4.2,10,8,DDR4,HDD,512,15.6,2560 x 1600,144,TRUE,64,Up to 8 hours,Dedicated,Intel,AMD Radeon RX 6600M,Stereo speakers,FALSE,Studio quality,"2 x USB-C, 1 x HDMI",Wi-Fi 6,5,1.71,Aluminum,MIL-STD-810H certified,macOS Ventura,FALSE,TRUE,TRUE,TRUE
137,ZenBook 14,Asus,1644,https://dlcdnwebimgs.asus.com/gain/4D8A73DE-0C2B-4D7E-8D91-8B1AB3E219FC,AMD,AMD Ryzen 5 6600H,1.7,12,8,DDR4,HDD,512,15.6,2560 x 1600,144,FALSE,46,Up to 7 hours,Dedicated,Intel,AMD Radeon RX 6600M,B&O speakers,TRUE,Dual-array microphones,"2 x USB-C, 1 x HDMI",Wi-Fi 5,5.1,2.15,Aluminum,MIL-STD-810H certified,macOS Ventura,TRUE,TRUE,TRUE,TRUE
138,MacBook Air M2,Apple,1096,https://store.storeimages.cdn-apple.com/4982/as-images.apple.com/is/macbook-air-midnight-config-20220606?wid=1000&hei=1000&fmt=jpeg&qlt=95&.v=1654122930000,AMD,Apple M1,1.2,4,16,DDR4,HDD,1024,15.6,3840 x 2160,60,FALSE,63,Up to 14 hours,Integrated,Intel,Intel Iris Xe,Dolby Atmos,FALSE,Dual-array microphones,"3 x USB-A, 1 x Thunderbolt 4",Wi-Fi 6E,5.1,1.03,Plastic,Standard,macOS Ventura,TRUE,FALSE,FALSE,FALSE
139,MacBook Air M2,Apple,622,https://store.storeimages.cdn-apple.com/4982/as-images.apple.com/is/macbook-air-midnight-config-20220606?wid=1000&hei=1000&fmt=jpeg&qlt=95&.v=1654122930000,Intel,Apple M1,1.6,4,16,DDR5,HDD,512,14,1920 x 1080,120,TRUE,67,Up to 7 hours,Integrated,Intel,AMD Radeon RX 6600M,Dolby Atmos,TRUE,Studio quality,"2 x USB-C, 1 x HDMI",Wi-Fi 5,5.3,2.02,Magnesium Alloy,Standard,Windows 11,TRUE,TRUE,TRUE,TRUE
140,ROG Strix G16,Asus,1551,https://dlcdnwebimgs.asus.com/gain/AE3BAF3B-84E9-44A7-AC9D-B76E0B9F13A4,AMD,Intel Core i5-1240P,3.7,6,32,DDR4,SSD,1024,16,2560 x 1600,60,FALSE,68,Up to 9 hours,Integrated,AMD,Intel Iris Xe,Dolby Atmos,TRUE,Dual-array microphones,"3 x USB-A, 1 x Thunderbolt 4",Wi-Fi 6E,5.2,1.95,Aluminum,MIL-STD-810H certified,macOS Ventura,FALSE,TRUE,FALSE,TRUE
141,MacBook Air M2,Apple,2177,https://store.storeimages.cdn-apple.com/4982/as-images.apple.com/is/macbook-air-midnight-config-20220606?wid=1000&hei=1000&fmt=jpeg&qlt=95&.v=1654122930000,AMD,Apple M3,2.9,12,32,DDR5,HDD,512,13.3,1920 x 1080,60,TRUE,50,Up to 14 hours,Dedicated,AMD,AMD Radeon RX 6600M,Stereo speakers,FALSE,Studio quality,"2 x USB-C, 1 x HDMI",Wi-Fi 6,5.2,2.25,Plastic,MIL-STD-810H certified,Linux,TRUE,FALSE,TRUE,TRUE
142,ThinkPad X1 Carbon,Lenovo,780,https://www.lenovo.com/medias/thinkpad-x1-carbon-gen-9-gallery-1.png,AMD,Intel Core i5-1135G7,3.8,4,32,DDR5,SSD,512,16,3840 x 2160,144,TRUE,52,Up to 6 hours,Dedicated,AMD,AMD Radeon RX 6600M,B&O speakers,FALSE,Studio quality,"3 x USB-A, 1 x Thunderbolt 4",Wi-Fi 6,5,1.38,Plastic,MIL-STD-810H certified,Windows 11,FALSE,TRUE,TRUE,TRUE
143,Latitude 5550,Dell,2162,"https://i.dell.com/is/image/DellContent/content/dam/ss2/product-images/dell-client-products/notebooks/latitude-notebooks/latitude-15-5550-laptop/mg/notebook-latitude-15-5550-rgb-silver-gallery-20.psd?fmt=png-alpha&pscan=auto&scl=1&hei=402&wid=571&qlt=100,1&resMode=sharp2&size=571,402&chrss=full",AMD,Intel Core i9-13900H,2.3,4,16,DDR5,HDD,1024,16,2560 x 1600,144,FALSE,77,Up to 5 hours,Dedicated,Intel,AMD Radeon RX 6600M,Dolby Atmos,TRUE,Dual-array microphones,"3 x USB-A, 1 x Thunderbolt 4",Wi-Fi 6E,5.1,2.03,Aluminum,MIL-STD-810H certified,Linux,FALSE,TRUE,TRUE,TRUE
144,Yoga 9i,Lenovo,2509,https://www.lenovo.com/medias/lenovo-laptop-yoga-9i-hero.png,AMD,Intel Core i5-1135G7,3.7,4,16,DDR4,HDD,512,13.3,1920 x 1080,120,FALSE,50,Up to 5 hours,Dedicated,NVIDIA,AMD Radeon RX 6600M,Stereo speakers,FALSE,Dual-array microphones,"3 x USB-A, 1 x Thunderbolt 4",Wi-Fi 6,5,1.95,Magnesium Alloy,Standard,Windows 11,TRUE,FALSE,FALSE,TRUE
145,Latitude 5550,Dell,1330,"https://i.dell.com/is/image/DellContent/content/dam/ss2/product-images/dell-client-products/notebooks/latitude-notebooks/latitude-15-5550-laptop/mg/notebook-latitude-15-5550-rgb-silver-gallery-20.psd?fmt=png-alpha&pscan=auto&scl=1&hei=402&wid=571&qlt=100,1&resMode=sharp2&size=571,402&chrss=full",AMD,Intel Core i7-1255U,3.6,8,32,DDR4,SSD,512,15.6,1920 x 1080,60,TRUE,91,Up to 5 hours,Dedicated,Intel,Intel Iris Xe,B&O speakers,TRUE,Studio quality,"2 x USB-C, 1 x HDMI",Wi-Fi 6,5.3,1.32,Plastic,MIL-STD-810H certified,Windows 11,TRUE,FALSE,FALSE,TRUE
146,Spectre x360,HP,1473,https://ssl-product-images.www8-hp.com/digmedialib/prodimg/lowres/c08123309.png,Intel,AMD Ryzen 7 6800U,3.2,10,32,DDR5,HDD,1024,13.3,2560 x 1600,120,TRUE,88,Up to 9 hours,Dedicated,AMD,Intel Iris Xe,Dolby Atmos,FALSE,Studio quality,"2 x USB-C, 1 x HDMI",Wi-Fi 6E,5.2,1.21,Magnesium Alloy,Standard,Linux,FALSE,FALSE,FALSE,FALSE
147,Yoga 9i,Lenovo,1779,https://www.lenovo.com/medias/lenovo-laptop-yoga-9i-hero.png,Intel,Intel Core i7-1165G7,4.5,4,32,DDR4,SSD,512,15.6,3840 x 2160,144,TRUE,48,Up to 13 hours,Dedicated,NVIDIA,Intel Iris Xe,Stereo speakers,TRUE,Dual-array microphones,"2 x USB-C, 1 x HDMI",Wi-Fi 5,5.2,2,Aluminum,MIL-STD-810H certified,macOS Ventura,TRUE,FALSE,TRUE,FALSE
148,XPS 13,Dell,2705,https://i.dell.com/is/image/DellContent/content/dam/ss2/product-images/dell-client-products/notebooks/xps-notebooks/xps-13-9320-laptop/mg/notebook-xps-13-9320-rgb-silver-gallery-1.psd?fmt=png-alpha&pscan=auto&scl=1&hei=402&wid=571&qlt=100,AMD,AMD Ryzen 7 7735U,3,4,8,DDR4,SSD,256,14,2560 x 1600,144,TRUE,41,Up to 7 hours,Integrated,AMD,Intel Iris Xe,B&O speakers,TRUE,Studio quality,"2 x USB-C, 1 x HDMI",Wi-Fi 6,5.3,2.47,Magnesium Alloy,Standard,macOS Ventura,FALSE,FALSE,TRUE,TRUE
149,MacBook Air M2,Apple,2480,https://store.storeimages.cdn-apple.com/4982/as-images.apple.com/is/macbook-air-midnight-config-20220606?wid=1000&hei=1000&fmt=jpeg&qlt=95&.v=1654122930000,AMD,Apple M1,2.2,8,32,DDR4,HDD,256,15.6,1920 x 1080,60,FALSE,55,Up to 13 hours,Integrated,Intel,Intel Iris Xe,Dolby Atmos,TRUE,Dual-array microphones,"2 x USB-C, 1 x HDMI",Wi-Fi 5,5.1,1.46,Magnesium Alloy,MIL-STD-810H certified,macOS Ventura,TRUE,TRUE,FALSE,TRUE
150,ThinkPad X1 Carbon,Lenovo,2814,https://www.lenovo.com/medias/thinkpad-x1-carbon-gen-9-gallery-1.png,AMD,AMD Ryzen 5 5600H,2.3,4,32,DDR4,HDD,512,14,3840 x 2160,60,TRUE,91,Up to 8 hours,Integrated,Intel,Intel Iris Xe,Stereo speakers,TRUE,Dual-array microphones,"3 x USB-A, 1 x Thunderbolt 4",Wi-Fi 6,5.3,2.48,Plastic,Standard,Linux,FALSE,TRUE,FALSE,TRUE
